"","","","","Bên mua","","","","","","Khớp lệnh","","","","Bên bán","","","","","","","","","ĐTNN","",""
"CK","Trần","Sàn","TC","Giá 3","KL 3","Giá 2","KL 2","Giá 1","KL 1","Giá","KL","+/-","+/- (%)","Giá 1","KL 1","Giá 2","KL 2","Giá 3","KL 3","Tổng KL","Cao","Thấp","NN mua","NN bán","Room"
"AAA","9980","8680","9330","9300","79100","9310","27500","9320","12200","9330","1000","0","0","9330","3300","9340","16000","9350","12500","965300","9390","9310","31800","37250","373796888"
"AAM","10000","8740","9390","9150","800","9160","100","9370","200","9370","100","-20","-0.21","9390","100","9400","300","9500","1000","2500","9390","9370","","","5942564"
"AAT","5180","4520","4850","4850","29200","4860","6600","4870","2000","4870","200","20","0.41","4880","800","4890","6700","4900","49100","65000","4920","4860","","40","34801415"
"ABR","14400","12600","13500","12600","20400","12650","1300","13050","500","13750","100","250","1.85","13750","4900","13800","5000","13950","600","300","13750","13500","","","72000"
"ABS","6160","5360","5760","5760","27200","5770","21800","5780","16700","5780","100","20","0.35","5800","22800","5810","1000","5820","17200","348400","5840","5750","","",""
"ABT","36950","32150","34550","32650","100","34500","2400","34550","1500","","","","","36000","100","36900","100","","","","","","","","6784999"
"ACB","24950","21750","23350","23150","24600","23200","688500","23250","573600","23300","100","-50","-0.21","23300","2500","23350","560000","23400","863700","3856000","23400","23250","90","",""
"ACC","13250","11550","12400","12150","13500","12200","23100","12350","200","12350","300","-50","-0.4","12400","12600","12450","4200","12500","6800","4500","12400","12200","","",""
"ACG","40700","35400","38050","36850","3200","36900","900","37000","1000","37200","100","-850","-2.23","37200","100","37450","100","37600","100","24800","38050","36800","300","","17293463"
"ACL","12700","11100","11900","11800","14600","11850","6900","11900","4700","11900","300","0","0","12000","7500","12050","1400","12100","4900","20400","12050","11850","3600","","18615210"
"ADG","22850","19950","21400","20550","300","20600","100","20800","100","20600","200","-800","-3.74","21200","100","21300","100","21350","500","4100","20600","20400","","3275","3657791"
"ADP","20500","17900","19200","18150","200","18200","800","18250","200","","","","","19950","2700","20150","1000","20400","1000","","","","","","22848610"
"ADS","14150","12350","13250","13150","2200","13200","27800","13250","22100","13250","1100","0","0","13300","19000","13350","13800","13400","21500","179900","13450","13250","","","29057930"
"AGG","26750","23250","25000","24700","15600","24750","18900","24800","5400","24800","100","-200","-0.8","24850","6100","24900","9600","24950","8800","313300","25100","24650","","","56078426"
"AGM","6710","5850","6280","","","","","","","","","","","","","","","","","","","","","",""
"AGR","17000","14800","15900","15800","59400","15850","34100","15900","30600","15900","1000","0","0.00","15950","19700","16000","173600","16050","60900","550300","16100","15900","4300","12000","214847431"
"ANV","33150","28850","31000","30900","94300","30950","10300","31000","2000","31000","1200","0","0","31050","1400","31100","6200","31150","40800","765300","31350","30900","","23900","61118693"
"APC","10000","8740","9390","8900","200","8950","200","9000","3600","9000","2500","-390","-4.15","9290","500","9300","2400","9380","300","2900","9000","9000","","40","6808608"
"APG","12650","11050","11850","12000","30900","12050","11200","12100","24000","12150","1100","300","2.53","12150","3900","12200","84000","12250","99500","1900900","12250","11800","19000","500","152800025"
"APH","8070","7030","7550","7530","6600","7540","2300","7550","4300","7550","700","0","0","7560","4200","7570","11500","7580","14600","187000","7590","7520","3900","","175558116"
"ASG","22950","19950","21450","20250","500","20300","200","20550","900","21450","100","0","0","21450","600","21500","1000","21600","1000","14800","21450","19950","","","22025363"
"ASM","10850","9440","10150","10200","304500","10250","164500","10300","211000","10350","1600","200","1.97","10350","19500","10400","473800","10450","334500","3968600","10400","10150","57800","12900","156514017"
"ASP","5060","4400","4730","4960","2500","4970","2000","4980","2100","4980","100","250","5.29","4990","2000","5000","3200","5010","3400","23900","5010","4960","100","","5500"
"AST","54500","47450","51000","50000","5400","50100","1900","50200","2400","50500","100","-500","-0.98","50500","4900","51000","6800","52000","600","35900","50500","50100","7600","1900","1809751"
"BAF","27300","23800","25550","25500","112100","25550","41200","25600","18100","25650","900","100","0.39","25650","31200","25700","54800","25750","44700","1920900","25700","25550","","37000","71100372"
"BBC","56700","49300","53000","50600","100","50700","200","50800","100","","","","","53000","100","54800","200","54900","100","","","","","","9222638"
"BCE","6180","5380","5780","5780","20800","5790","600","5800","2300","5800","1000","20","0.35","5850","4900","5870","3200","5890","7300","101500","5850","5750","","","16668623"
"BCG","9680","8420","9050","9020","18400","9030","34800","9040","77300","9050","1000","0","0.00","9050","67300","9060","83500","9070","114300","3673700","9180","9040","100","150200","257172374"
"BCM","66200","57600","61900","62000","15200","62100","10100","62200","6600","62200","100","300","0.48","62400","5800","62500","14600","62600","3600","388300","63400","61400","35000","1200","486109592"
"BFC º","26800","23300","25050","25050","52500","25100","39700","25150","3200","25150","200","100","0.4","25200","2600","25250","6900","25300","31100","541900","25350","24300","86800","2200","26056518"
"BHN","42800","37200","40000","37200","3400","38000","4700","39000","500","40450","300","450","1.13","40300","500","40400","900","40450","2600","1800","40700","40000","300","","72837950"
"BIC","27100","23600","25350","25050","200","25200","500","25250","400","25450","400","100","0.39","25450","1700","25500","3400","25550","100","8500","25500","25450","","","5927602"
"BID","46200","40200","43200","42900","1800","42950","15600","43000","30100","43000","200","-200","-0.46","43100","23700","43150","500","43200","2400","702500","43400","42700","285500","425698","725596538"
"BKG","4670","4070","4370","4340","1000","4350","10500","4360","5000","4370","600","0","0","4370","15800","4400","500","4440","1300","71600","4450","4350","","","33958771"
"BMC","15950","13950","14950","14800","9400","14850","2500","14900","400","15000","200","50","0.33","15000","3100","15050","100","15100","100","3400","15000","14900","","","5311853"
"BMI","22600","19700","21150","21000","3200","21050","5800","21100","1000","21100","1000","-50","-0.24","21150","5100","21200","5000","21250","5100","75700","21200","21050","22000","16300","21310164"
"BMP","112700","98100","105400","105000","5000","105400","19000","105500","400","105500","100","100","0.09","105600","300","105700","500","105800","2500","170200","106500","103000","84900","34500","11749526"
"BRC","12300","10700","11500","11500","1700","11550","2200","11600","3000","","","","","12000","2000","12150","300","12200","200","","","","","","6108688"
"BSI","49600","43200","46400","46150","7200","46200","13900","46250","11000","46300","500","-100","-0.22","46300","4200","46350","6600","46400","5300","424400","46650","46250","","103200","120720105"
"BTP","16900","14700","15800","15600","4300","15650","4900","15700","200","15700","500","-100","-0.63","15800","5000","15900","6300","16000","7100","33700","16000","15700","","","24288684"
"BTT","33150","28850","31000","29600","1000","30000","500","30100","500","","","","","32700","300","32800","500","33000","10000","","","","","",""
"BVH","42050","36550","39300","39350","2700","39400","2200","39450","1200","39450","100","150","0.38","39500","500","39550","2500","39600","3800","207800","39650","39150","500","47200","167982794"
"BWE","42800","37200","40000","39750","14900","39800","700","39850","200","39850","100","-150","-0.38","39900","3000","39950","1000","40000","8000","145100","40400","39750","1800","91400","62344135"
"C32","18050","15750","16900","16750","3100","16800","2100","16850","1000","16950","500","50","0.3","16950","2400","17000","3300","17050","3300","11500","17000","16700","","","7223150"
"C47","7190","6250","6720","6720","14000","6730","5800","6740","900","6740","2000","20","0.3","6770","700","6780","1200","6790","3500","51500","6800","6720","","",""
"CAV","72700","63300","68000","67500","100","67700","1600","67800","600","68000","500","0","0","68000","1500","68300","400","68400","1300","5700","69000","68000","","","28654406"
"CCI","25100","21900","23500","21900","100","22000","300","23000","500","23700","700","200","0.85","23650","500","23700","900","23750","700","3300","23900","22000","","",""
"CCL","7650","6650","7150","7110","2700","7120","1000","7130","1100","7130","500","-20","-0.28","7150","9300","7160","7200","7170","4300","103900","7190","7100","","","29233875"
"CDC","21500","18700","20100","19700","1300","19750","2600","19800","1700","19850","1600","-250","-1.24","19850","1000","19900","10000","19950","4900","418100","20150","19800","","","10049339"
"CHP *","26400","23000","24700","24650","100","24700","3400","24750","200","24800","300","100","0.4","24800","4000","24900","1000","25100","100","18900","25500","24550","","",""
"CIG","6950","6050","6500","6450","4300","6480","2000","6500","2700","6510","100","10","0.15","6510","1400","6520","12100","6530","4400","82400","6550","6500","","",""
"CII","17950","15650","16800","16800","178200","16850","160700","16900","261700","16950","500","150","0.89","16950","19200","17000","90900","17050","217200","4028000","17150","16850","21659","25400","107378249"
"CKG","23500","20500","22000","21600","16000","21650","400","21700","100","21650","100","-350","-1.59","22000","4100","22050","500","22200","400","15400","22000","21400","","",""
"CLC","39650","34550","37100","36100","3000","36150","200","36500","200","36500","100","-600","-1.62","37000","300","37150","200","37200","1100","100","36500","36500","","","12177916"
"CLL","38050","33150","35600","35850","1500","35900","5000","36000","2200","36650","400","1050","2.95","36650","1100","36700","100","36900","200","26000","36650","35650","3400","","13065799"
"CLW","37050","32250","34650","32500","700","32600","200","32800","100","","","","","36900","100","37000","100","","","","","","","","5746310"
"CMG","43200","37600","40400","40500","1100","40700","3600","40800","500","40900","200","500","1.24","40900","2400","40950","6600","41000","7800","80800","41400","40400","48000","1100","8204599"
"CMV","9280","8080","8680","8210","200","8220","700","8250","200","8220","100","-460","-5.3","8580","2000","8590","8800","8610","200","3000","8660","8220","","",""
"CMX","9410","8190","8800","8720","9300","8730","3100","8750","14200","8770","100","-30","-0.34","8780","1200","8790","7600","8810","1700","195400","8850","8720","","13300","35307430"
"CNG","29550","25750","27650","27450","1000","27500","12200","27550","600","27600","300","-50","-0.18","27700","3000","27750","4100","27800","30800","10500","27800","27500","","","12370122"
"COM","31500","27400","29450","29600","100","31000","200","31500","1000","31000","100","1550","5.26","","","","","","","3100","31500","29450","","","6889147"
"CRC","5860","5100","5480","5430","800","5440","100","5470","2000","5500","100","20","0.36","5500","4900","5510","500","5520","600","202400","5500","5400","","",""
"CRE","9030","7850","8440","8430","20200","8440","30700","8450","200","8450","200","10","0.12","8460","10200","8470","5300","8480","19200","450100","8550","8400","","800","225425591"
"CSM","12800","11200","12000","11750","100","11800","200","11900","1200","12000","200","0","0","12100","11200","12150","500","12200","2400","4400","12100","12000","200","","51068992"
"CSV º","42800","37200","40000","40950","5100","41000","7800","41050","2300","41050","2900","1050","2.63","41100","3500","41150","8200","41200","25000","422300","41300","40200","3800","2700","20523302"
"CTD","70400","61200","65800","69200","1600","69300","5100","69400","23900","69400","1000","3600","5.47","69500","29500","69600","14900","69700","34300","4253300","69900","65900","128700","305933","4460407"
"CTF","33900","29500","31700","31700","88600","31750","24500","31800","32600","31900","2000","200","0.63","31900","13900","32000","37100","32050","100","788100","31900","31500","27000","","41513741"
"CTG","28750","25050","26900","26700","183600","26750","108200","26800","43100","26850","800","-50","-0.19","26850","51000","26900","862900","26950","286900","1824000","26950","26800","637858","419200","139751484"
"CTI","15850","13850","14850","15150","66900","15200","32100","15250","27700","15250","500","400","2.69","15300","31400","15350","28900","15400","26700","587100","15450","14850","18600","","30577945"
"CTR","98400","85600","92000","90500","5500","90600","3000","90700","200","90700","500","-1300","-1.41","90800","2100","91000","1800","91200","200","246500","93000","90500","3200","51200","44527204"
"CTS","29900","26000","27950","28150","16400","28200","25600","28250","20800","28300","500","350","1.25","28300","16200","28350","12400","28400","37200","1170300","28500","28000","","100","71027386"
"CVT","33350","29050","31200","29750","100","29800","100","30000","400","31600","100","400","1.28","31600","400","31700","100","32000","100","6400","31600","29600","","1200","18157981"
"D2D","26850","23350","25100","24950","900","25000","5000","25100","800","25100","100","0","0","25250","500","25450","1000","25500","1900","22000","25250","25000","","","14267390"
"DAG","3370","2930","3150","3130","86300","3140","1800","3150","1800","3150","2000","0","0","3160","5800","3170","9200","3180","16200","152300","3190","3140","","","29390521"
"DAH","4650","4050","4350","4330","44700","4340","15500","4350","9300","4350","500","0","0","4360","10000","4370","11100","4380","15100","77100","4380","4310","","",""
"DAT","9790","8510","9150","8890","200","9000","300","9050","100","9000","100","-150","-1.64","9150","500","9200","600","9250","1000","1000","9150","9000","","",""
"DBC","28100","24500","26300","26350","221400","26400","130900","26450","11900","26450","1000","150","0.57","26500","28200","26550","111900","26600","109500","8885600","26800","26300","63200","10800","106906777"
"DBD","58200","50600","54400","53000","26300","53100","3100","53200","100","53900","100","-500","-0.92","53900","3300","54000","5600","54200","200","131500","54300","53000","73600","120600","65504286"
"DBT","13050","11350","12200","11600","1100","11650","2000","12000","200","12200","100","0","0","12300","200","12350","800","12400","6800","17500","12500","11600","","",""
"DC4","8960","7800","8380","8420","2000","8450","6500","8460","2600","8500","300","120","1.43","8500","3900","8540","3100","8550","100","39200","8580","8380","","","26192720"
"DCL","25050","21850","23450","23450","15100","23500","10700","23700","2600","23700","9500","250","1.07","23900","800","23950","300","24000","4700","129200","24200","23350","","",""
"DCM","34000","29600","31800","32100","86900","32150","50300","32200","35700","32200","1000","400","1.26","32250","14000","32300","92400","32350","32000","1749500","32300","31800","297900","62000","201408240"
"DGC","98200","85400","91800","93600","20300","93700","21400","93800","28900","93900","200","2100","2.29","93900","16600","94000","55700","94100","29700","2671000","94800","92100","28600","11811","114570366"
"DGW","56400","49150","52800","52300","43300","52400","65100","52500","46200","52500","100","-300","-0.57","52600","26300","52700","39700","52800","65800","746000","53000","52500","3700","76000","42835028"
"DHA","51400","44750","48100","47900","1600","47950","4900","48000","1900","48000","300","-100","-0.21","48150","800","48200","3600","48300","7000","27600","48200","47950","3300","2400","5586845"
"DHC","40750","35450","38100","37450","3300","37500","900","37550","400","37850","200","-250","-0.66","37850","5900","37900","2900","37950","100","92200","38400","37500","19800","3400","12748000"
"DHG","106800","93000","99900","100100","1600","100200","500","100500","2000","101000","500","1100","1.1","100900","1000","101000","4200","101200","500","3300","101300","100500","1000","22","60291935"
"DHM","8120","7060","7590","7270","2000","7300","1100","7450","100","7580","100","-10","-0.13","7590","100","7600","2300","7610","900","4500","7620","7220","","",""
"DIG","28450","24750","26600","26400","241900","26450","177300","26500","202100","26550","7500","-50","-0.19","26550","89400","26600","525900","26650","567700","7933100","26800","26450","9","84700","267343651"
"DLG","2630","2290","2460","2440","75400","2450","72100","2460","8000","2460","1000","0","0","2470","24700","2480","25700","2490","91800","962300","2510","2460","2100","","142916556"
"DMC","59900","52100","56000","54500","200","54600","100","55000","300","55900","100","-100","-0.18","55900","700","56000","200","56100","100","300","55900","55000","200","100","15065407"
"DPG","41650","36250","38950","38900","9300","38950","19800","39000","15700","39000","1000","50","0.13","39050","1200","39100","3300","39150","2000","286700","39450","38950","","","29675681"
"DPM","35200","30600","32900","33050","10800","33100","50400","33150","29000","33150","100","250","0.76","33200","44600","33250","34300","33300","89000","611800","33300","32850","5800","27000","152686177"
"DPR","31950","27850","29900","30700","22300","30750","14500","30800","6000","30800","200","900","3.01","30850","14600","30900","33500","30950","13300","453600","30950","30000","","1000","41100158"
"DQC","16200","14100","15150","15050","1600","15100","2200","15150","200","15200","100","50","0.33","15200","600","15300","5900","15350","400","5700","15300","15150","","","16576799"
"DRC º","29150","25350","27250","26850","11000","26900","5300","27000","500","27000","300","-250","-0.92","27050","2500","27100","9300","27150","7400","462000","27200","26750","59000","","41955871"
"DRH","5270","4590","4930","4900","63500","4910","23300","4920","900","4920","700","-10","-0.2","4930","24300","4940","25800","4950","36700","546700","4950","4900","","","61045427"
"DRL","70200","61200","65700","65400","1500","65500","200","66000","100","66500","500","800","1.22","66300","300","66500","1600","66800","500","9300","67000","66000","","",""
"DSN º","60600","52800","56700","56100","800","56200","1600","56300","100","56700","200","0","0","56700","6000","56800","700","57000","6800","15800","56800","56000","","1500","3715708"
"DTA","5760","5020","5390","5230","200","5240","100","5250","500","5370","100","-20","-0.37","5360","100","5370","1900","5380","2000","3200","5380","5360","","","8807851"
"DTL","16750","14650","15700","","","","","15300","300","","","","","16000","2000","16500","500","","","","","","","","30103150"
"DTT","24050","20950","22500","","","","","22000","300","","","","","24000","50000","","","","","","","","","","3975837"
"DVP","77500","67500","72500","69100","3000","69800","2700","70100","200","70700","200","-1800","-2.48","71500","800","72200","800","72300","1000","17500","74900","69800","13100","12500","13742439"
"DXG","20250","17650","18950","18750","91100","18800","278000","18850","288100","18900","100","-50","-0.26","18900","18200","18950","173900","19000","422800","5045000","19200","18850","500","382100","183245483"
"DXS","7890","6870","7380","7430","13000","7440","9700","7450","7700","7450","200","70","0.95","7460","1600","7470","5300","7480","20300","1169500","7520","7440","8053","24800","176723082"
"DXV","4690","4090","4390","4110","200","4130","1800","4140","200","4130","400","-260","-5.92","4240","200","4250","3200","4300","800","12200","4600","4130","","","4780250"
"EIB","19500","17000","18250","18100","570700","18150","538000","18200","91300","18200","800","-50","-0.27","18250","244700","18300","62900","18350","110200","4701300","18400","18200","200","38600","491712095"
"ELC","21250","18550","19900","20400","12500","20450","10100","20500","42000","20550","300","650","3.27","20600","3900","20650","2500","20700","28100","575400","21000","20000","27900","1330","27085080"
"EVE","15850","13850","14850","14700","6400","14750","12500","14800","4500","14900","200","50","0.34","14900","3700","14950","7100","15000","17300","17100","14900","14750","2000","","16796439"
"EVF","17150","14950","16050","15900","153500","15950","116700","16000","11200","16050","4200","0","0","16050","80800","16100","121400","16150","98700","4508400","16200","15950","","700","348878506"
"EVG","5880","5120","5500","5460","1600","5470","22800","5480","3000","5490","100","-10","-0.18","5490","8700","5500","42800","5510","11900","862300","5570","5470","","","104948518"
"FCM","5080","4420","4750","4720","2100","4730","2400","4740","100","4750","4900","0","0","4750","2100","4760","5000","4770","3500","21400","4790","4730","3000","","20796187"
"FCN","15450","13450","14450","14450","85500","14500","117100","14550","74800","14550","1000","100","0.69","14600","74200","14650","145900","14700","105600","1248300","14650","14400","48900","30561","25578663"
"FDC","21800","19000","20400","","","","","","","","","","","21000","100","21600","2000","21800","2300","","","","","","19308250"
"FIR","21400","18600","20000","19550","8700","19600","14000","19650","29800","19700","100","-300","-1.5","19700","4800","19750","1200","19800","3500","266200","20050","19650","3200","","31962618"
"FIT","4840","4220","4530","4490","30800","4500","61700","4510","15100","4510","100","-20","-0.44","4520","2000","4530","10600","4540","3800","446400","4580","4510","","",""
"FMC","47900","41700","44800","44700","2000","44750","1400","44800","200","44800","100","0","0","44900","100","44950","400","45000","2000","8200","45000","44800","","1000","12774859"
"FPT","102700","89300","96000","96900","12000","97000","46700","97100","1300","97100","200","1100","1.15","97200","39400","97300","40100","97400","32500","2791600","98600","96400","111198","106983",""
"FRT","111100","96700","103900","103000","6300","103100","2500","103200","300","103200","100","-700","-0.67","103300","5500","103400","1600","103700","1000","150300","104200","102900","25900","34289","17297758"
"FTS","47250","41150","44200","43900","27200","43950","14800","44000","13100","44050","200","-150","-0.34","44050","200","44100","15700","44150","1000","1034200","44700","43950","100","223700","153268530"
"FUCTVGF3","15500","13500","14500","","","","","","","","","","","","","","","","","","","","","","9751392"
"FUCTVGF4","14950","13050","14000","","","","","","","","","","","","","","","","","","","","","","9829400"
"FUCVREIT","7380","6420","6900","6850","300","6860","100","6870","200","","","","","7210","200","7220","100","7290","100","","","","","","2337380"
"GAS","81800","71200","76500","75600","10700","75700","21500","75800","9800","75800","200","-700","-0.92","75900","4500","76000","15900","76100","12500","547300","76700","75700","2400","56306","1062687881"
"GDT","24400","21300","22850","22900","1900","22950","3000","23000","1700","23250","600","400","1.75","23250","400","23300","2000","23350","2200","22000","23250","22900","1800","9400","7867329"
"GEG","14200","12400","13300","13150","22600","13200","20800","13250","3400","13250","200","-50","-0.38","13300","8100","13350","20300","13400","36000","161500","13350","13200","1300","","16869038"
"GEX","24800","21600","23200","23350","669100","23400","574200","23450","75100","23450","10000","250","1.08","23500","364700","23550","339600","23600","532700","16956800","23650","23100","432200","60100","320894918"
"GIL","27150","23650","25400","25200","26700","25250","3700","25300","3400","25350","100","-50","-0.2","25350","1500","25400","29800","25450","1300","314900","25700","25300","800","155700","32800825"
"GMC","8430","7330","7880","7620","100","7760","700","7770","100","7920","100","40","0.51","7930","200","7940","100","7950","800","1000","7920","7500","","",""
"GMD","78100","67900","73000","71700","11500","71800","28700","71900","23200","72000","100","-1000","-1.37","72000","1200","72100","11800","72200","2000","771400","73800","71800","","308300","329278"
"GMH","9870","8590","9230","9400","2800","9420","2500","9430","200","9800","100","570","6.18","9800","1700","9850","1000","9870","100","2300","9800","9510","","","8058200"
"GSP","13050","11350","12200","11850","15100","11900","31500","11950","5000","12000","500","-200","-1.64","12050","1000","12100","6000","12200","12500","170400","12300","11950","","",""
"GTA","15950","13950","14950","","","13950","1300","14000","100","14750","100","-200","-1.34","14750","200","14850","100","14900","100","700","14750","13950","","","5063809"
"GVR","21600","18800","20200","20100","31300","20150","34500","20200","96000","20250","2000","50","0.25","20250","1000","20300","41500","20350","56700","1479700","20500","20200","1200","40600","506975349"
"HAG","14700","12800","13750","13400","1777400","13450","1211800","13500","2685700","13550","100","-200","-1.45","13550","83900","13600","140700","13650","151900","10891000","13900","13500","62400","123700","427945041"
"HAH","41550","36150","38850","38300","18900","38350","29400","38400","100400","38450","100","-400","-1.03","38450","15500","38500","54900","38550","20800","2120500","39200","38400","","33800","27614025"
"HAP","5020","4380","4700","4760","1100","4770","200","4780","200","4780","100","80","1.7","4790","1000","4800","3600","4820","3200","62900","4840","4760","11000","","51999144"
"HAR","4450","3870","4160","4130","6400","4140","22300","4150","34000","4160","300","0","0.00","4160","9000","4170","40000","4180","1000","388400","4250","4150","","","49578385"
"HAS","7460","6500","6980","","","","","6550","2500","6550","200","-430","-6.16","7380","2100","7400","1500","7450","100","600","6550","6550","","600","2671562"
"HAX","15050","13150","14100","13950","34700","14000","52700","14050","1700","14050","400","-50","-0.35","14100","20600","14150","24600","14200","42000","152400","14200","14000","1100","70","31816311"
"HBC","8310","7230","7770","7790","5300","7800","19800","7810","4400","7810","2000","40","0.51","7820","2100","7830","7300","7840","6900","599800","7850","7700","200","305","97786038"
"HCD","8450","7350","7900","7760","2200","7770","4900","7780","1600","7780","100","-120","-1.52","7800","7700","7840","2000","7850","4200","268700","7950","7780","","","17931030"
"HCM º","35050","30550","32800","32700","171300","32750","139000","32800","246900","32850","300","50","0.15","32850","156900","32900","404800","32950","381000","6199300","33050","32750","632600","536100","38274980"
"HDB","20450","17850","19150","19050","102900","19100","85200","19150","62600","19150","100","0","0","19200","505800","19250","481200","19300","671600","4949100","19200","18950","371900","395288","9134711"
"HDC","34950","30450","32700","32700","146800","32750","12500","32800","52300","32850","700","150","0.46","32850","5000","32900","13700","32950","5600","1231000","33200","32800","","","63678797"
"HDG","31250","27250","29250","28350","8800","28400","23500","28450","37600","28500","100","-750","-2.56","28500","1700","28550","4000","28600","5500","1896600","29200","28450","11000","725500","79236000"
"HHP","11500","10000","10750","10450","9600","10500","16100","10550","700","10550","800","-200","-1.86","10600","15100","10650","48300","10700","9800","196400","10900","10500","5700","","26144375"
"HHS","7700","6700","7200","7180","95900","7190","65200","7200","75200","7200","1000","0","0","7210","39900","7220","64600","7230","39800","1433800","7290","7170","31900","","170847079"
"HHV","16250","14150","15200","15400","259400","15450","332900","15500","149300","15550","500","350","2.30","15550","68800","15600","258100","15650","350400","9859300","15800","15250","125500","25","138826993"
"HID","3310","2890","3100","3050","9600","3060","1700","3070","1800","3070","100","-30","-0.97","3100","9900","3110","2100","3120","2000","67400","3130","2890","","","37180927"
"HII","5660","4920","5290","5280","6000","5290","3000","5300","5000","5310","200","20","0.38","5320","26300","5330","7700","5340","10200","31300","5330","5290","","","36495661"
"HMC","11750","10250","11000","10750","700","10800","200","11000","2200","11000","2800","0","0","11100","700","11150","10100","11200","2800","29200","11100","10950","","",""
"HNG","4390","3830","4110","4020","61100","4030","39900","4040","18900","4050","500","-60","-1.46","4050","7300","4060","13200","4070","20200","1431100","4150","4000","32700","27100","534380647"
"HPG","29350","25550","27450","27600","650900","27650","1168900","27700","708700","27750","1000","300","1.09","27750","190500","27800","945200","27850","1230800","26774600","27900","27400","1800800","1373596","1420110510"
"HPX","5840","5080","5460","","","","","","","","","","","","","","","","","","","","","","147922388"
"HQC","4380","3820","4100","4060","183000","4070","209200","4080","332800","4090","2000","-10","-0.24","4090","133800","4100","265600","4110","92300","5732700","4140","4080","400","3000","235080883"
"HRC","52100","45350","48750","48000","500","48050","100","48100","200","47550","100","-1200","-2.46","52100","100","","","","","400","48750","47550","","",""
"HSG","23450","20450","21950","21950","208600","22000","168700","22050","308200","22100","1000","150","0.68","22100","148100","22150","174600","22200","326600","4977100","22250","21850","131100","168900","169189491"
"HSL","10950","9540","10250","10200","19600","10250","39700","10300","10200","10350","200","100","0.98","10350","7300","10400","11400","10450","9500","879800","10500","9700","","","16907239"
"HT1","12900","11300","12100","11950","58200","12000","36300","12050","40300","12050","100","-50","-0.41","12100","1500","12150","19000","12200","22200","143300","12200","12050","4400","","175393273"
"HTG *","34050","29650","31850","31300","600","31400","600","31500","1900","31500","100","-350","-1.1","31600","100","31650","1100","31700","100","14800","31900","31200","","",""
"HTI","17600","15300","16450","16300","1500","16350","700","16450","5600","16450","100","0","0","16500","100","16850","200","16900","300","2600","16450","16450","","2000","7295567"
"HTL","13400","11700","12550","11950","1100","12000","500","12050","100","12700","400","150","1.2","12650","2100","12700","4200","12800","6400","1700","12800","12650","500","","1319986"
"HTN","17250","15050","16150","16000","27200","16050","30200","16100","14900","16150","100","0","0","16150","12900","16200","11400","16250","8300","253400","16450","16150","900","500","42470321"
"HTV","10450","9120","9800","9420","100","9500","5000","9510","600","9800","100","0","0","9800","2200","9850","600","9900","3200","300","9800","9520","","200","5395204"
"HU1","7380","6420","6900","","","6500","1800","6600","2000","6900","1000","0","0","7100","300","","","","","2000","6900","6900","","","4651270"
"HUB","17950","15650","16800","16650","5000","16700","600","16750","100","16800","5000","0","0","16900","1000","17000","100","17100","1500","20700","16850","16800","","",""
"HVH","5770","5030","5400","5360","1600","5370","1400","5380","1800","5380","1700","-20","-0.37","5390","14700","5400","16700","5410","12800","153200","5420","5360","","","19798569"
"HVN","12550","10950","11750","12450","31800","12500","70100","12550","601400","12550","3000","800","6.81","","","","","","","1581000","12550","11750","","20900","532976554"
"HVX","3220","2800","3010","2990","100","3000","100","3010","100","3050","100","40","1.33","3040","1100","3050","29100","3080","3200","6800","3050","3000","","","19197201"
"ICT","12050","10550","11300","11100","2300","11150","3400","11200","600","11250","2000","-50","-0.44","11300","6500","11350","4700","11400","4600","26200","11300","11200","","","32041428"
"IDI","12550","10950","11750","11650","57500","11700","87700","11750","21800","11750","2200","0","0","11800","39300","11850","165100","11900","144800","899600","11850","11700","","","110011464"
"IJC","15000","13100","14050","13950","64300","14000","108600","14050","39600","14050","400","0","0","14100","52800","14150","47500","14200","62000","819500","14200","14000","","","108527087"
"ILB","30950","26950","28950","28500","2000","28550","200","28800","100","28800","400","-150","-0.52","28900","100","29200","900","29250","600","6200","29450","28800","4000","","11268700"
"IMP","60900","53100","57000","55600","800","55900","200","56000","500","56000","100","-1000","-1.75","56700","300","56800","1100","56900","1600","24600","56800","56000","","3000","17779836"
"ITA","6970","6070","6520","6540","211100","6550","148300","6560","54800","6560","2300","40","0.61","6570","103900","6580","17700","6590","54900","3716400","6630","6530","40500","800","452779123"
"ITC","10900","9490","10200","10050","61000","10100","87100","10150","9700","10150","2000","-50","-0.49","10200","7100","10250","19600","10300","37900","163200","10300","10100","","",""
"ITD","10550","9210","9900","9620","1000","9800","300","9850","100","9900","3400","0","0","9890","1000","9900","6400","9930","1000","14500","9950","9900","","","11760399"
"JVC","3590","3130","3360","3350","57900","3360","58000","3370","1600","3370","3600","10","0.3","3380","10600","3390","28700","3400","33100","165100","3400","3360","","","53483400"
"KBC","33800","29400","31600","31650","31900","31700","113500","31750","70400","31800","300","200","0.63","31800","64800","31850","29000","31900","102900","3830700","32150","31750","146900","247566","216587910"
"KDC","67400","58600","63000","62400","5200","62500","5500","62800","600","62800","600","-200","-0.32","63000","5400","63100","2500","63200","500","745200","63000","62500","","12200","88783454"
"KDH","32400","28200","30300","30000","93700","30050","51300","30100","50100","30100","1400","-200","-0.66","30200","6000","30250","12500","30300","20800","1099800","30450","30100","274900","709100","97225227"
"KHG","6740","5860","6300","6240","66900","6250","22900","6260","3000","6250","3800","-50","-0.79","6270","33100","6280","20900","6290","15800","1445200","6330","6230","","","218216420"
"KHP","9760","8500","9130","9110","6000","9120","9000","9130","800","9140","200","10","0.11","9140","1600","9150","4300","9190","1000","9600","9140","9120","","",""
"KMR","3740","3260","3500","3450","2000","3460","1300","3470","1000","3500","100","0","0","3500","7400","3510","1100","3520","2200","1100","3500","3480","","","21232518"
"KOS","42100","36600","39350","39350","3100","39400","2100","39450","3600","39450","400","100","0.25","39550","100","39700","1700","39800","1900","313500","39450","39350","5000","","104986241"
"KPF","5600","4880","5240","5290","100","5300","200","5310","100","5320","100","80","1.53","5320","4200","5330","3400","5340","5400","212000","5380","5250","1100","","29532597"
"KSB","28000","24400","26200","26200","26700","26250","5200","26300","25000","26350","500","150","0.57","26350","13600","26400","22700","26450","47600","713700","26500","26300","","21700","35203567"
"L10","19900","17300","18600","","","17400","2000","19900","600","","","","","","","","","","","","","","","","4751857"
"LAF","14300","12500","13400","12600","100","12700","100","12800","400","13650","100","250","1.87","13650","1300","13700","300","13750","500","5400","13800","13000","","","6935321"
"LBM","50800","44200","47500","47200","1100","47250","200","47300","100","47950","100","450","0.95","47950","200","48000","5000","48450","100","2800","47950","47050","200","","6191543"
"LCG","12750","11150","11950","11950","162300","12000","161800","12050","174500","12100","200","150","1.26","12100","50900","12150","85200","12200","283800","3371500","12250","12050","900","","91815992"
"LDG","3180","2780","2980","2950","174500","2960","215900","2970","75200","2970","1900","-10","-0.34","2980","112000","2990","108100","3000","390200","1878600","3000","2960","8000","","126998795"
"LEC","7150","6230","6690","","","6230","3500","6240","100","6800","500","110","1.64","6700","400","6750","800","6780","500","1000","6800","6800","","","12785977"
"LGC","58800","51200","57000","","","","","51300","100","","","","","53900","100","54000","23100","56900","1000","","","","","1","7744356"
"LGL","4340","3780","4060","4010","30600","4020","16000","4030","3100","4050","100","-10","-0.25","4050","2100","4060","9200","4070","11300","31600","4070","4020","1500","","24837931"
"LHG","31450","27350","29400","29450","1400","29500","1200","29550","4500","29600","300","200","0.68","29600","200","29650","900","29750","300","45800","29950","29500","","4500","14325769"
"LIX º","54400","47350","50900","50400","3200","50500","1400","50600","900","50900","200","0","0","51100","100","51200","200","51300","100","200","50900","50900","","","14044631"
"LM8","15600","13600","14600","14500","100","14600","5500","14650","500","14600","9500","0","0","15500","5000","15600","100","","","11900","14800","14600","","",""
"LPB","16650","14550","15600","15600","87600","15650","128200","15700","87900","15700","600","100","0.64","15750","442800","15800","193800","15850","249800","1394000","15850","15650","341700","536300","54790386"
"LSS","11850","10350","11100","10900","73200","10950","90200","11000","12100","11000","100","-100","-0.9","11050","19400","11100","47900","11150","26800","226700","11100","11000","","",""
"MBB","19650","17150","18400","18250","702600","18300","860100","18350","194200","18350","2000","-50","-0.27","18400","330800","18450","384400","18500","857800","2508400","18500","18300","9700","",""
"MCP","37450","32550","35000","33200","200","34500","500","34550","100","37450","100","2450","7","37450","200","","","","","100","37450","37450","","","7361146"
"MDG","14000","12200","13100","","","12200","100","12400","200","","","","","13050","800","13100","400","13750","300","","","","","","5335525"
"MHC","9740","8480","9110","9120","5000","9130","2000","9140","2000","9150","1800","40","0.44","9150","9000","9170","1000","9180","8300","119200","9250","9140","","100","19526873"
"MIG","19800","17300","18550","18300","62600","18350","11500","18400","6300","18550","100","0","0","18550","10400","18600","44600","18650","7800","88700","18600","18350","78200","6307","142812602"
"MSB","13550","11850","12700","12500","369100","12550","281400","12600","419100","12650","100","-50","-0.39","12650","214600","12700","493700","12750","377300","1800700","12750","12600","77500","806800","1485500"
"MSH","39350","34250","36800","36750","1000","36800","3900","36850","1000","36950","200","150","0.41","37000","200","37100","3100","37150","1300","40100","37200","36800","","","33701127"
"MSN","71000","61800","66400","65800","62500","65900","102000","66000","37300","66000","100","-400","-0.6","66100","300","66200","13100","66300","54600","2202100","66900","65600","685538","652200","295378114"
"MWG","45600","39700","42650","42600","107200","42650","137700","42700","52500","42750","700","100","0.23","42750","200","42800","9900","42850","85400","5183800","43150","42350","1070600","1069800","66097202"
"NAF","16150","14050","15100","14950","38200","15000","9100","15050","1200","15100","5000","0","0","15100","11000","15150","3300","15200","13800","188500","15100","15000","","300","49902565"
"NAV","16750","14650","15700","15500","1300","15600","1000","15700","100","15750","1000","50","0.32","15750","6600","16700","300","16750","1000","1100","15750","15750","","1100","3826292"
"NBB","21700","18900","20300","20100","2200","20150","6400","20200","2100","20200","1800","-100","-0.49","20300","12200","20350","400","20400","1100","41300","20500","20150","","600","49029434"
"NCT","94100","81900","88000","87500","500","87600","300","87800","100","87800","100","-200","-0.23","88000","900","88200","300","88300","200","1000","88000","87800","","900","4126357"
"NHA","18350","15950","17150","16900","27200","16950","2700","17000","4900","17150","100","0","0.00","17150","8500","17200","3300","17250","10200","152400","17300","16900","3200","","20481576"
"NHH","19750","17250","18500","18400","11700","18450","19900","18500","39200","18550","1000","50","0.27","18550","5100","18600","9800","18650","9600","882400","18950","18550","","","72517008"
"NHT","12400","10800","11600","11200","1100","11300","1000","11500","300","11600","200","0","0","11750","100","11800","200","11900","1000","700","11600","11600","","","11282626"
"NKG","25750","22450","24100","24100","113700","24150","226300","24200","255400","24250","500","150","0.62","24250","32100","24300","109200","24350","51000","6433300","24400","23900","129400","220511","89105213"
"NLG","40300","35100","37700","37300","18700","37350","26700","37400","5400","37400","300","-300","-0.80","37450","7300","37500","6200","37550","11900","999600","37950","37350","26400","10200","26131748"
"NNC","20650","17950","19300","18850","400","19000","200","19100","100","19100","900","-200","-1.04","19250","600","19300","2200","19400","2000","900","19100","19100","","","9555801"
"NO1","12100","10600","11350","11200","3700","11250","2400","11300","200","11300","500","-50","-0.44","11350","500","11400","1500","11450","200","30400","11500","11300","","","11566100"
"NSC","74300","64700","69500","68200","100","68500","100","68600","100","68800","100","-700","-1.01","69000","400","69500","800","70000","1500","1100","69000","68800","","","7398055"
"NT2","25550","22250","23900","23500","28300","23550","11500","23600","32600","23600","200","-300","-1.26","23650","5200","23700","5800","23750","1500","286200","24100","23600","","52600","101730708"
"NTL","30400","26500","28450","28300","1300","28350","25200","28400","55100","28400","700","-50","-0.18","28450","1500","28500","24300","28550","54900","534000","28750","28400","2400","3000","26825719"
"NVL","18050","15750","16900","16750","197600","16800","702600","16850","182700","16900","4000","0","0.00","16900","143200","16950","388900","17000","576000","5626000","17150","16850","36200","27900","886955370"
"NVT","8020","6980","7500","7330","10800","7500","30000","7510","300","7800","100","300","4","7800","800","7900","100","7970","100","1700","7800","7330","","","45149180"
"OCB","14100","12300","13200","13150","110500","13200","155500","13250","85300","13250","200","50","0.38","13300","110000","13350","111800","13400","120600","488500","13300","13200","32400","62500","12112464"
"OGC","7580","6600","7090","7070","20600","7080","6400","7090","300","7090","3600","0","0.00","7100","22400","7120","3100","7130","2600","227500","7140","7050","1300","500","146239430"
"OPC","24800","21600","23200","22650","500","22700","1100","22800","4300","22900","100","-300","-1.29","23100","100","23150","2300","23200","7500","4000","22900","22650","","",""
"ORS","17750","15450","16600","16600","59200","16650","50100","16700","400","16700","1500","100","0.6","16750","34700","16800","75300","16850","105000","880900","16800","16550","5000","96300","91741267"
"PAC º","26400","23000","24700","23600","200","24000","2200","24200","4700","24000","100","-700","-2.83","24600","100","24650","200","24700","2900","1100","24000","24000","","","17038856"
"PAN","21400","18600","20000","19850","34800","19900","54400","19950","100","19950","200","-50","-0.25","20000","42400","20050","10800","20100","53000","487200","20150","19850","32700","94100","73110646"
"PC1","30700","26700","28700","28250","6200","28300","16000","28350","28100","28350","100","-350","-1.22","28400","17500","28500","13800","28550","15900","925700","28800","28350","","90200","129983419"
"PDN","101600","88400","95000","89900","200","90000","100","92200","200","","","","","99000","100","100000","100","101500","500","","","","","",""
"PDR","29450","25650","27550","27450","93200","27500","269300","27550","71400","27550","200","0","0.00","27600","134000","27650","176100","27700","161700","4067000","27900","27550","3900","122000","308554569"
"PET","29500","25700","27600","27400","25400","27450","16400","27500","300","27500","200","-100","-0.36","27550","2700","27600","3700","27650","1300","244900","27800","27400","","",""
"PGC","15350","13350","14350","14050","2500","14100","1900","14200","800","14200","200","-150","-1.05","14350","900","14400","5100","14450","3600","7200","14350","14200","2000","","28207128"
"PGD","39650","34550","37100","37000","100","37100","300","37150","100","","","","","38000","900","39000","700","39500","1100","","","","","","1961827"
"PGI","25350","22050","23700","22300","100","23000","1000","23100","400","","","","","24200","2500","24300","100","24450","400","","","","","","88158241"
"PGV º","25500","22200","23850","23750","300","23800","1000","23850","3900","23900","200","50","0.21","24000","1600","24250","500","24400","2200","2400","24000","23850","","","561533881"
"PHC","7380","6420","6900","6910","4700","6920","4400","6930","2300","6930","500","30","0.43","6950","400","6960","3200","6970","5600","109000","6970","6920","","","25288152"
"PHR","50800","44250","47550","48500","2600","48550","5100","48600","11200","48750","100","1200","2.52","48750","7000","48800","11500","48850","1200","447800","48750","47650","","168670","44644775"
"PIT","6340","5520","5930","5600","400","5780","100","5800","1400","5930","100","0","0","5930","1400","5980","500","5990","1400","6800","6000","5800","","",""
"PJT","11200","9770","10500","9820","400","10000","1000","10050","100","","","","","10600","1000","11100","100","11150","300","","","","","",""
"PLP","4470","3890","4180","4150","1200","4160","3400","4170","800","4180","2000","0","0","4180","1500","4200","3300","4230","3600","11800","4200","4180","","","33957548"
"PLX","37050","32250","34650","34350","5900","34400","14400","34450","12000","34500","100","-150","-0.43","34500","10500","34550","21500","34600","23100","598300","34800","34450","800","297700","38467150"
"PMG","9630","8370","9000","","","","","8800","100","8900","100","-100","-1.11","9000","2900","9500","5400","","","300","9000","8900","","","13353837"
"PNC","9160","7980","8570","8400","1000","8500","300","8570","100","","","","","9060","100","9070","1100","9090","100","","","","","","5337824"
"PNJ","90400","78600","84500","84300","24100","84400","8600","84500","200","84500","100","0","0","84600","5900","84700","32000","84800","24300","735400","84700","83800","17454","33",""
"POM","5480","4780","5130","5220","6000","5230","2400","5240","3500","5250","200","120","2.34","5250","2800","5260","200","5280","4600","2163100","5370","5180","30600","6200","128946741"
"POW","12050","10550","11300","11150","317500","11200","784700","11250","164100","11250","500","-50","-0.44","11300","343500","11350","299200","11400","560100","2582000","11400","11200","38300","460300","1049284067"
"PPC *","15650","13650","14650","14550","800","14600","4000","14650","2500","14650","400","0","0","14700","10800","14750","31200","14800","34300","58200","14800","14650","6400","20800","118779578"
"PSH","11000","9580","10300","10400","9500","10450","17900","10500","21400","10500","3700","200","1.94","10550","35900","10600","46000","10650","68900","551100","10700","10500","","",""
"PTB","64600","56200","60400","59900","3000","60000","9100","60100","200","60000","900","-400","-0.66","60300","9900","60400","4600","60500","29100","197500","60800","60000","104500","60700","2827448"
"PTC","6580","5720","6150","6020","1000","6050","7000","6100","1400","6180","100","30","0.49","6180","4500","6190","5000","6200","5300","18200","6200","6100","","","15733842"
"PTL","4340","3780","4060","4030","2300","4040","2500","4050","2400","4060","1000","0","0","4070","6300","4080","12600","4090","7800","58000","4090","4050","","",""
"PVD","30250","26350","28300","28050","13700","28100","84700","28150","83900","28150","5000","-150","-0.53","28200","29200","28250","26400","28300","66600","1455000","28650","28150","20000","82406","142927136"
"PVP","15300","13300","14300","14050","36600","14100","24600","14150","16700","14200","600","-100","-0.7","14200","900","14250","7200","14300","53100","120600","14450","14200","","",""
"PVT","29200","25400","27300","26800","170100","26850","58300","26900","87200","26950","300","-350","-1.28","26950","47800","27000","189200","27050","62800","2500300","27400","26900","109500","7400","119169521"
"QBS","2510","2190","2350","2310","10500","2320","21600","2330","19500","2330","400","-20","-0.85","2340","43600","2350","5400","2360","21800","95700","2400","2330","","",""
"QCG","11550","10050","10800","10700","69500","10750","99900","10800","147700","10850","500","50","0.46","10850","23000","10900","10200","10950","39200","338800","11000","10800","2600","","133153327"
"RAL","116000","101000","108500","107400","900","107500","500","108000","600","108400","2000","-100","-0.09","108500","200","108700","700","108800","400","5700","108900","108000","","","11360969"
"RDP","10100","8790","9450","9310","8100","9320","11500","9330","6000","9400","500","-50","-0.53","9400","38800","9420","5000","9430","6300","327800","9480","9320","","","24287505"
"REE","60000","52200","56100","55700","9600","55800","32900","55900","21300","55900","200","-200","-0.36","56000","10000","56100","21000","56200","13000","407000","56400","55900","500","45371",""
"S4A","36350","31650","34000","32700","100","32750","100","32800","300","34000","400","0","0","34000","2900","34450","700","34500","2100","400","34000","34000","","",""
"SAB","66300","57700","62000","62300","14000","62400","11200","62500","4400","62500","200","500","0.81","62600","300","62700","700","62800","4400","276400","63000","62300","20300","83040","490517162"
"SAM","6860","5980","6420","6400","30600","6410","22100","6420","1900","6420","100","0","0","6430","1900","6440","13000","6450","9500","152700","6480","6400","3300","13600","183743503"
"SAV","15750","13750","14750","14200","2600","14250","4000","14300","700","14650","100","-100","-0.68","14650","400","14750","4000","14800","4000","41200","14850","14250","","","1"
"SBA","27400","23900","25650","25300","2300","25350","500","25400","200","25500","500","-150","-0.58","25500","700","25650","1000","25700","3700","7000","25500","25300","","",""
"SBG","17300","15100","16200","15900","7500","16000","14100","16100","1300","16150","1000","-50","-0.31","16150","3800","16200","34000","16250","1100","170700","16150","15850","","",""
"SBT","14300","12500","13400","13200","35000","13250","49800","13300","121700","13350","100","-50","-0.37","13350","22200","13400","76100","13450","170100","980300","13450","13300","","256000","647665294"
"SBV","10550","9200","9890","9510","4100","9520","100","9730","600","9890","100","0","0","9880","2000","9900","800","9920","1000","100","9890","9890","","","23338358"
"SC5","20300","17700","19000","18550","200","18700","1000","18750","100","19000","1000","0","0","19500","100","19850","100","19900","200","1000","19000","19000","","1000","6874437"
"SCD","15500","13500","14500","13500","1000","14500","200","14600","2000","","","","","15500","1200","","","","","","","","","","3586540"
"SCR","7710","6710","7210","7180","41300","7190","40800","7200","80100","7210","2000","0","0.00","7210","24200","7220","7700","7230","44200","1418100","7280","7210","18800","","196128886"
"SCS","70400","61200","65800","65700","4200","65800","6100","65900","700","66000","600","200","0.3","66000","2200","66200","300","66400","600","17500","66100","65900","200","13200","2503415"
"SFC","26400","23000","24700","","","","","23000","1600","24200","200","-500","-2.02","24200","100","24600","800","25500","300","200","24200","24200","","",""
"SFG","8950","7790","8370","8000","200","8010","100","8050","1200","8200","700","-170","-2.03","8290","800","8300","500","8380","100","2900","8300","8200","","",""
"SFI","33550","29250","31400","31100","800","31300","500","31400","400","31400","200","0","0","31500","500","31700","100","31750","1500","2400","31400","31400","","","9396955"
"SGN","70700","61500","66100","65700","4000","66000","2000","66100","1000","66300","100","200","0.3","66300","1000","66400","500","66500","500","1200","66300","66000","","704","5032713"
"SGR *","21100","18400","19750","19700","400","19750","100","19800","700","19800","700","50","0.25","20000","1200","20200","1200","20250","700","30500","20500","19800","","","29393165"
"SGT","12750","11150","11950","11800","7500","11850","4100","11900","1100","11900","400","-50","-0.42","11950","300","12000","2300","12100","100","7300","11900","11850","","",""
"SHA","4990","4350","4670","4570","2900","4600","3400","4610","1600","4610","3500","-60","-1.28","4640","14000","4670","4000","4680","3500","33100","4690","4600","","","16086842"
"SHB","11500","10000","10750","10650","1670700","10700","2003000","10750","234900","10750","300","0","0","10800","1610900","10850","2183100","10900","1197500","9956200","10850","10700","21200","2208433","898503231"
"SHI","14750","12850","13800","13550","3700","13600","7100","13650","700","13650","100","-150","-1.09","13800","10600","13850","2400","13900","5100","215900","13800","13600","","","79194178"
"SHP","32300","28100","30200","30000","2000","30100","300","30200","200","30300","400","100","0.33","30300","600","30400","100","30500","2100","24200","30300","30200","","",""
"SIP","61900","53900","57900","58000","500","58100","700","58200","1500","58300","200","400","0.69","58300","800","58500","3000","58600","3000","60100","59100","57900","5000","300","88478744"
"SJD","15950","13950","14950","14800","19300","14850","8100","14900","300","14900","300","-50","-0.33","14950","12900","15000","11100","15050","5500","8300","14950","14900","","900","24954983"
"SJF","1910","1670","1790","","","","","","","","","","","","","","","","","","","","","","38544627"
"SJS","74600","65000","69800","69600","100","69700","700","69800","200","70000","100","200","0.29","70100","200","70300","1800","70400","1500","163700","71500","69500","900","2900","56259187"
"SKG","15850","13850","14850","14750","23300","14800","24400","14850","27100","14850","2200","0","0","14900","700","14950","9300","15000","40900","173000","15100","14850","52900","3000","5159687"
"SMA","8850","7710","8280","8050","500","8060","100","8070","100","","","","","8280","400","8300","200","8350","300","","","","","","9962386"
"SMB","38900","33900","36400","36300","3000","36400","4700","36500","1200","36550","100","150","0.41","37000","1000","37100","2000","37200","100","5200","37200","36400","4000","3900","10519837"
"SMC","10950","9540","10250","10250","12700","10300","14400","10350","13200","10350","100","100","0.98","10400","11100","10450","16700","10500","39200","160800","10500","10250","","",""
"SPM","13150","11450","12300","","","","","11500","10000","","","","","12500","1400","12900","400","13000","2000","","","","","","6591780"
"SRC","29950","26050","28000","26100","300","26300","100","27500","5000","28500","100","500","1.79","28400","100","28500","17300","29000","12000","5100","28500","28000","","","13724367"
"SRF","8440","7340","7890","7590","100","7600","1000","7610","300","7940","100","50","0.63","7890","500","7900","1100","7910","5000","39900","8000","7600","","","18944367"
"SSB","24200","21100","22650","22500","64900","22550","9400","22600","3000","22600","100","-50","-0.22","22650","4200","22700","50700","22750","80000","851500","22750","22550","18200","60200","120429325"
"SSC","30800","26800","28800","28400","500","28450","100","28500","200","28800","100","0","0","29050","100","29100","100","29150","500","200","29050","28800","","","7219606"
"SSI","34800","30300","32550","32550","158800","32600","314400","32650","259800","32700","9400","150","0.46","32700","210300","32750","396400","32800","992800","8712600","32900","32600","188300","1341234","848139500"
"ST8","19450","16950","18200","18000","8300","18050","7400","18100","6000","18150","500","-50","-0.27","18150","4400","18200","5300","18250","12500","134000","18250","18100","3800","","12571228"
"STB","29400","25600","27500","27150","285200","27200","305700","27250","237500","27250","1600","-250","-0.91","27300","197900","27350","162700","27400","228000","8116800","27600","27150","27900","462500","141803639"
"STG","52300","45500","48900","","","","","46100","500","","","","","48000","100","52300","600","","","","","","","","3876970"
"STK","27150","23650","25400","25250","2200","25300","2000","25400","3000","25400","1000","0","0","25550","3400","25700","7800","25750","1000","29000","25800","25350","","","80121287"
"SVC","30350","26450","28400","28000","200","28050","300","28100","100","29700","500","1300","4.58","29650","1900","29700","2400","29750","1100","600","29700","29700","","","31500348"
"SVD","2660","2320","2490","2410","300","2420","1400","2470","2600","2470","200","-20","-0.8","2480","300","2490","6800","2500","4000","12400","2490","2420","","","13413815"
"SVI","60600","52800","56700","56400","200","56700","200","57000","2000","","","","","58600","200","59000","3000","60600","1800","","","","","","638636"
"SVT","11600","10100","10850","10650","100","10850","600","10900","300","10900","200","50","0.46","11300","8700","11400","3800","11450","100","300","11400","10900","","","8414614"
"SZC","47050","40950","44000","44950","7100","45000","66500","45050","18000","45100","700","1100","2.50","45100","2200","45150","16500","45200","47500","2390700","45850","43850","800","","20087044"
"SZL","39250","34150","36700","34700","500","36200","400","36500","300","36750","200","50","0.14","36800","300","36850","200","36900","3200","5000","36750","36500","","",""
"TBC º","41700","36300","39000","37600","100","37650","100","37800","300","39000","400","0","0","39300","1000","39400","1100","39500","3400","1500","39000","39000","","400","30132136"
"TCB","33100","28800","30950","30700","118300","30750","101900","30800","120900","30850","100","-100","-0.32","30850","9600","30900","123100","30950","162900","1051300","31000","30800","","",""
"TCD","7670","6670","7170","7140","200","7150","11600","7160","1800","7160","300","-10","-0.14","7170","800","7180","9000","7190","75700","382400","7220","7150","4900","","137520109"
"TCH","14050","12250","13150","13050","268800","13100","251900","13150","633000","13150","400","0","0.00","13200","383100","13250","233600","13300","403000","3475200","13300","13150","3000","213654","323044235"
"TCL","39350","34250","36800","37000","4100","37050","3000","37100","11600","37450","1200","650","1.77","37800","500","37850","4500","37900","3300","12600","38000","37000","8700","","9934559"
"TCM","43850","38150","41000","40500","7500","40550","5900","40600","600","40600","1800","-400","-0.98","40850","2500","40900","5500","40950","7900","478700","41200","40500","","","1992654"
"TCO","9650","8390","9020","8970","10000","8980","1100","9000","100","9000","400","-20","-0.22","9020","500","9050","500","9100","600","18700","9190","8980","","","8670970"
"TCR","3590","3130","3360","3160","10000","3170","100","3190","100","","","","","3350","3000","3360","600","3400","700","","","","","","70455"
"TCT","23850","20750","22300","22200","2000","22300","1100","22400","1200","22450","100","150","0.67","22550","4700","22600","4800","22650","100","4300","22600","22300","","",""
"TDC","10450","9120","9800","9810","2600","9820","1400","9840","1800","9860","1000","60","0.61","9850","1000","9860","3700","9870","100","31400","9900","9800","600","","49204740"
"TDG","3900","3400","3650","3670","2000","3680","3300","3690","1000","3710","3000","60","1.64","3710","1000","3720","2000","3730","10600","42100","3740","3680","","",""
"TDH","4990","4350","4670","4620","7100","4630","4600","4640","1000","4650","2700","-20","-0.43","4660","10900","4680","10100","4690","57300","124100","4690","4630","5000","","54895960"
"TDM º","44500","38700","41600","41100","4900","41200","2000","41300","2000","41800","100","200","0.48","41700","400","41800","2300","42000","3300","12900","41800","40800","","4000","45249124"
"TDP","31550","27450","29500","27500","3000","27800","500","28000","300","28800","15000","-700","-2.37","29000","2400","29200","100","29250","1600","60800","29400","28200","","1100","38460724"
"TDW","49750","43250","46500","","","","","45100","200","49750","100","3250","6.99","49750","400","","","","","100","49750","49750","","","4006560"
"TEG","10550","9180","9870","9680","200","9700","200","9710","900","9710","2100","-160","-1.62","9850","100","9860","500","9870","500","12600","9710","9700","","","31850569"
"THG","41800","36400","39100","38800","100","38900","700","38950","300","39000","100","-100","-0.26","39000","500","39050","600","39100","3700","1300","39050","39000","","14","11052501"
"TIP","25850","22550","24200","24050","11100","24100","23300","24150","8500","24200","700","0","0","24200","1200","24250","3400","24300","2500","304100","24550","24050","","","21781036"
"TIX","35800","31200","33500","","","31200","100","33000","500","33500","2000","0","0","35800","100","","","","","2000","33500","33500","","",""
"TLD","5680","4940","5310","5260","5400","5270","5500","5280","200","5280","2800","-30","-0.56","5300","6300","5310","9300","5320","3200","209100","5340","5270","","","36153542"
"TLG","52400","45600","49000","48650","300","48700","200","48750","100","48850","800","-150","-0.31","48850","2800","48950","900","49000","2400","11300","49450","48700","500","400","60344441"
"TLH","8840","7700","8270","8340","7000","8350","10700","8360","6700","8360","300","90","1.09","8370","6300","8380","12100","8390","44200","617300","8420","8290","","","53351757"
"TMP","68400","59600","64000","64000","2600","64500","400","65000","1200","66000","200","2000","3.13","66000","1000","67000","2500","67900","1700","5300","66000","64000","100","60","33803929"
"TMS","48150","41850","45000","42550","500","43000","500","43050","200","","","","","44900","600","45000","5200","45400","1200","","","","","","9619006"
"TMT","16750","14650","15700","15200","300","15300","500","15400","200","15500","100","-200","-1.27","15550","700","15600","5800","15700","1400","1000","15750","15500","","","17279899"
"TN1","16550","14450","15500","15000","200","15200","100","15400","100","15700","100","200","1.29","15600","200","15700","900","15800","100","5400","15700","15700","5400","","24752329"
"TNA","6030","5250","5640","5560","300","5570","500","5600","1100","5620","2000","-20","-0.35","5630","2600","5640","6900","5660","22200","140400","5720","5620","","","22517677"
"TNC","69000","60000","64500","","","","","","","","","","","60000","100","64000","500","64500","3500","","","","","","9517908"
"TNH","21850","19050","20450","20350","13300","20400","29000","20450","27800","20500","100","50","0.24","20500","11900","20550","10000","20600","6000","216300","20700","20450","5800","105274","5875707"
"TNI","2870","2510","2690","2660","110200","2670","22300","2680","2900","2680","1900","-10","-0.37","2690","6400","2700","16500","2710","10900","63400","2720","2670","","","25633750"
"TNT","4970","4330","4650","4580","13800","4590","3800","4600","9700","4610","1100","-40","-0.86","4630","3200","4640","5100","4650","10000","47200","4700","4600","","","24512371"
"TPB","18200","15900","17050","16850","130900","16900","168600","16950","168900","17000","200","-50","-0.29","17000","89600","17050","72400","17100","301500","1575600","17100","16950","69200","297200","3856753"
"TPC","6420","5580","6000","5620","100","5650","200","5660","100","5700","300","-300","-5","6000","1500","6050","600","6180","4000","1500","6000","5700","","","11540390"
"TRA","92800","80800","86800","80800","300","80900","100","81000","100","86500","300","-300","-0.35","85800","300","86000","5000","86500","300","300","86500","86500","","","1082200"
"TRC","33250","28950","31100","30000","2500","30500","1000","31050","100","31050","16900","-50","-0.16","31100","1800","31750","200","31950","300","17700","31100","31050","","","14474564"
"TSC","3980","3460","3720","3710","45300","3720","34800","3730","10000","3730","500","10","0.27","3740","62100","3750","17100","3760","25100","316800","3760","3720","","",""
"TTA","8510","7410","7960","7950","2900","7960","2300","7970","900","7970","100","10","0.13","8000","22700","8010","100","8020","3100","605800","8000","7950","12200","","78081511"
"TTB","1950","1710","1830","","","","","","","","","","","","","","","","","","","","","",""
"TTE","10200","8880","9540","","","","","9000","100","","","","","10200","100","","","","","","","","","","14243030"
"TTF","4440","3860","4150","4110","46900","4120","54600","4130","20800","4150","100","0","0","4150","49300","4160","21500","4170","43100","609800","4180","4120","","","181975150"
"TV2","41350","35950","38650","38300","10800","38350","2400","38400","1700","38400","200","-250","-0.65","38550","400","38600","1000","38700","600","165400","39000","38400","300","5100","1423117"
"TVB","5990","5210","5600","5600","22500","5610","6200","5630","800","5650","400","50","0.89","5650","200","5660","300","5670","3000","78700","5750","5600","","100","31682913"
"TVS","21600","18800","20200","20100","5400","20150","6000","20200","2000","20200","1000","0","0","20250","1900","20300","8700","20450","2000","25600","20250","20000","10800","500","30756338"
"TVT","17250","15050","16150","16050","10200","16100","1000","16150","1000","16200","300","50","0.31","16200","700","16350","100","16400","900","17600","16350","16200","","",""
"TYA","10900","9490","10200","9490","1100","9500","1900","10000","1400","10200","100","0","0","10200","500","10300","2600","10400","100","100","10200","10200","","","3671328"
"UIC","34200","29800","32000","31800","1000","31850","2100","32000","100","","","","","33600","1000","33700","200","34000","200","","","","","",""
"VAF","12400","10800","11600","11500","20000","11550","2000","11600","800","11600","200","0","0","12150","700","12200","5900","12300","2200","300","11600","11550","","","18452986"
"VCA","9260","8060","8660","8600","5000","8610","1500","8620","200","8610","100","-50","-0.58","8650","4400","8740","100","8750","100","2400","8630","8610","","","7247412"
"VCB","87500","76100","81800","82100","9300","82200","13900","82300","20400","82400","700","600","0.73","82400","200","82500","31200","82600","15000","648200","82700","82000","309638","212286","369776482"
"VCF","196900","171300","184100","181000","100","181100","100","184000","100","","","","","195700","200","195800","100","195900","300","","","","","","12865562"
"VCG","26200","22800","24500","24600","246800","24650","385900","24700","264100","24750","100","250","1.02","24750","205300","24800","264400","24850","259800","5492100","25000","24550","","30500","207950267"
"VCI","44100","38400","41250","41750","83700","41800","73400","41850","21600","41850","400","600","1.45","41900","49000","41950","50700","42000","150400","4014000","42150","41350","91127","14510","343985248"
"VDP","39550","34450","38000","35000","500","35100","1100","37000","2000","39000","300","1000","2.63","39000","4700","","","","","1200","39000","38300","","",""
"VDS","18550","16150","17350","17200","7400","17250","21100","17300","1600","17300","100","-50","-0.29","17350","22500","17400","66900","17450","29800","232300","17450","17000","63900","4000","205536349"
"VFG","38500","33500","36000","35500","2500","35600","900","35700","300","35700","1000","-300","-0.83","36000","1500","36500","1000","36600","400","1600","36000","35700","600","600","20165900"
"VGC","58200","50600","54400","54600","5700","54700","11400","54800","11800","54900","100","500","0.92","54900","7900","55000","21600","55100","6200","413700","55400","54300","","55700","194827326"
"VHC","78400","68200","73300","73900","19900","74000","13900","74100","3300","74100","1000","800","1.09","74200","11100","74300","18400","74400","15400","515200","74300","73800","14600","167200","128368779"
"VHM","44050","38350","41200","41700","193300","41750","67600","41800","88600","41850","7000","650","1.58","41850","79500","41900","135100","41950","156300","7758600","42200","41300","336805","1195500","1194861473"
"VIB","20350","17750","19050","18950","21400","19000","175200","19050","56800","19050","3700","0","0.00","19100","65000","19150","266600","19200","204500","1295700","19150","19050","2200","",""
"VIC","46400","40400","43400","43350","25700","43400","76900","43450","7700","43450","2000","50","0.12","43500","3700","43550","14400","43600","52600","1225400","43750","43350","102500","259049","1383755054"
"VID","5630","4910","5270","5040","2000","5050","1000","5060","600","5240","100","-30","-0.57","5200","1000","5210","1400","5230","1300","8700","5240","5030","","100","20083670"
"VIP","12100","10600","11350","11100","21800","11150","14400","11200","18200","11250","1000","-100","-0.88","11250","4000","11300","7300","11350","16300","59500","11400","11200","","","28647735"
"VIX","18050","15750","16900","16900","797300","16950","875100","17000","720500","17050","900","150","0.89","17050","219600","17100","609400","17150","1088400","10989400","17200","16950","12500","22300","627340421"
"VJC","115300","100300","107800","107900","1700","108000","2700","108100","2800","108100","4200","300","0.28","108200","6500","108300","10600","108400","6100","619100","108200","107500","118100","30476","67279209"
"VMD","17950","15650","16800","17050","2100","17100","1100","17150","100","17200","100","400","2.38","17300","1100","17350","500","17400","2500","32100","17750","16700","3100","","7303050"
"VND","23200","20200","21700","21700","944500","21750","227500","21800","485800","21800","300","100","0.46","21850","343000","21900","798800","21950","1115700","11657800","21950","21700","65410","2268896","937209320"
"VNE","7140","6220","6680","6660","40800","6670","32200","6680","14700","6700","5000","20","0.3","6700","1400","6710","8400","6720","8800","311300","6730","6680","","3500","42930663"
"VNG","10200","8890","9550","9160","500","9200","100","9300","100","9390","1500","-160","-1.68","9350","100","9390","2000","9400","2800","18700","9550","9160","100","4200","47172024"
"VNL","15200","13300","14250","13950","300","14000","100","14050","800","14100","300","-150","-1.05","14150","2000","14200","8000","14300","300","17500","14100","14000","500","6700","5430920"
"VNM º","72600","63200","67900","68000","79300","68100","55200","68200","52500","68300","100","400","0.59","68300","900","68400","37500","68500","108000","1207400","68500","68000","210400","527627","959251642"
"VNS","14100","12300","13200","13000","3900","13050","6400","13100","1700","13200","100","0","0","13300","2600","13400","1800","13450","100","2800","13200","13100","","","19406366"
"VOS","12600","11000","11800","11500","100100","11550","20000","11600","46300","11600","100","-200","-1.69","11650","20100","11700","6500","11750","28500","1490200","12200","11600","","55200","67133150"
"VPB","19750","17250","18500","18250","772300","18300","549100","18350","35900","18350","500","-150","-0.81","18400","215400","18450","457300","18500","609400","5206000","18550","18250","947800","1113331","168122210"
"VPD","25350","22050","23700","23500","1000","23550","1000","23700","700","23700","100","0","0","23800","300","23850","200","23900","3300","2400","24000","23200","1000","","24894667"
"VPG","17900","15600","16750","16550","19300","16600","31400","16650","12900","16700","100","-50","-0.3","16700","4800","16750","5100","16800","18500","500700","16850","16500","1000","","41026700"
"VPH","8870","7710","8290","8180","5500","8190","4300","8200","700","8200","300","-90","-1.09","8280","4500","8290","15700","8300","32700","65000","8290","8200","1500","300","46000081"
"VPI","58900","51300","55100","54800","7400","54900","10000","55000","500","55100","6500","0","0.00","55100","4800","55200","24500","55300","23500","1629200","55700","55000","","3400","113329192"
"VPS","11300","9860","10600","","","9900","300","10050","1500","","","","","10600","300","10800","3800","11000","8400","","","","","","11817973"
"VRC","8560","7440","8000","7900","5000","7910","1000","7920","500","8000","200","0","0","7990","200","8000","10300","8060","100","2400","8140","7910","700","","24184403"
"VRE","25000","21800","23400","23150","119400","23200","118500","23250","4000","23250","1000","-150","-0.64","23300","13600","23350","50300","23400","117400","1858300","23500","23200","367810","330200","414467617"
"VSC","31950","27850","29900","29350","14100","29400","38000","29450","17500","29500","3000","-400","-1.34","29500","4000","29550","100","29600","500","656800","30200","29450","","13300","62118770"
"VSH º","49500","43100","46300","46200","1100","46300","1800","46350","1200","46400","400","100","0.22","46400","100","46500","2400","46550","3800","28400","46600","46250","","500","87496091"
"VSI","19650","17150","18400","17350","400","17400","100","18000","500","17300","100","-1100","-5.98","19250","700","19300","300","19500","400","100","17300","17300","","","6356440"
"VTB","13100","11400","12250","","","","","","","11400","1000","-850","-6.94","12200","600","12250","4000","12300","300","34300","12900","11400","1000","","5616015"
"VTO","10150","8840","9500","9450","2200","9460","6700","9470","10500","9480","100","-20","-0.21","9500","11000","9520","1100","9530","400","82700","9580","9480","11900","","35575755"
"YBM","9630","8370","9000","8620","5000","8640","100","8700","10000","9000","600","0","0","9250","3300","9300","1000","9400","3000","600","9000","9000","","","6967695"
"YEG","12350","10750","11550","11000","126900","11050","39800","11100","127000","11150","100","-400","-3.46","11200","16200","11250","31100","11300","21800","1185700","11700","11050","20200","14800","74868837"
Giá x 1 VNĐ. Khối lượng x 1. Giá trị x 1000000 VNĐ. Bản quyền thuộc về Công ty Cổ phần Chứng khoán SSI © 2019.