CT,GeoPro,GeoPro_JP,HarPro,HarPro_JP,Value,Value_JP,Profit,Profit_JP,ValGLim,ValGLim_JP,GeoLim,GeoLim_JP,ValHLim,ValHLim_JP,HarLim,HarLim_JP,GeoRank,GeoRank_JP,HarRank,HarRank_JP,Nguong,Nguong_JP,GeoNgn,GeoNgn_JP,HarNgn,HarNgn_JP,ProNgn,ProNgn_JP,Nguong2,Nguong2_JP,GeoNgn2,GeoNgn2_JP,HarNgn2,HarNgn2_JP,ProNgn2,ProNgn2_JP,Nguong_20,Nguong_20_JP,GeoNgn_20,GeoNgn_20_JP,HarNgn_20,HarNgn_20_JP,ProNgn_20,ProNgn_20_JP,Nguong_snp,Nguong_snp_JP,GeoNgn_snp,GeoNgn_snp_JP,HarNgn_snp,HarNgn_snp_JP,ProNgn_snp,ProNgn_snp_JP
+2*2*5*6+6-3*5,1.6185035819944555,1.0998328826996009,1.3028118479819657,1.0860031165455504,0.13414840215916585,67.24523404564155,0.6710648148148148,0.7907692307692308,0.07141805006262152,20.372279643056775,1.6185035819944555,1.0998328826996009,0.07141805006262152,20.372279643056775,1.3028118479819657,1.0860031165455504,0.6920913574639997,0.4936138095334546,0.6096448787481915,0.34734424274464826,15.650836167104131,0.27544464397441465,1.3751185765726883,1.4700064065469367,1.2663945973241435,1.2878439563520343,1.06,1.3209280185113863,0.14718018106979303,0.23142041474121094,1.3715932438745861,1.1117172768943973,1.2116396552855644,1.094108549894483,1.06,1.2452943503351155,8.777919697690834,4891224.666669368,1.3170276661556188,1.06,1.2392987707501726,1.06,1.06,1.06,433.03204068760533,4891224.666669368,1.1203661350327168,1.06,1.1081373139979627,1.06,1.06,1.06
+2*2*5*6+6-3*4,1.6086375304748397,1.0809049331166896,1.3216326206919955,1.0671283408030836,0.13409973492774288,59.31782968334926,0.6710648148148148,0.7907692307692308,0.2089915118155857,5.233810041822869,1.623261100145686,1.0809049331166896,0.2089915118155857,98.88043385834813,1.3963876335868493,1.0685229630965691,0.6979280107779084,0.47844399734588633,0.6213472475695582,0.3424132760787844,0.34733436738515505,151.09239317241227,1.497363859997139,1.418660039138143,1.3279893753186427,1.1741612199865905,1.06,1.06,0.15481676783090279,151.09239317241227,1.3317431399697837,1.0889171855086341,1.1786005525853445,1.086304299176965,1.06,1.06,2.4724235704795348,4851359.425218279,1.3343810663976299,1.06,1.2457549380924384,1.06,1.06,1.06,297.75576807324296,4851359.425218279,1.1203661350327168,1.06,1.1081373139979627,1.06,1.06,1.06
+4*6+0-5/1-2-2,1.6032540647663638,1.8063666152715296e-36,1.3268171569359495,0.0,0.2396338094034217,4.401273383235952,0.3432098765432098,1.48294930875576,-0.005338358092486336,3.1921074909776075,1.6139324223304121,1.6066874305021717,-0.005338358092486336,3.1921074909776075,1.4103826089094678,1.2290590506895227,0.7952874108990038,0.20659805340533288,0.7720055030923619,0.00250785940632016,-0.0006231695228280931,1.2866980143394326,1.3919153165318585,1.7376665494684413,1.174861032565261,0.9744177072426814,0.26651059864896337,1.382381638103131,-0.13723404632491334,0.5945002856719184,1.4185128164824448,1.567402097508671,1.2644510626474639,1.0872299985399068,0.26651059864896337,0.9521738673394301,0.6969941670079519,14647.663742219835,1.212508832118544,1.06,1.1574203883257668,1.06,1.06,1.06,1.9330911981922267,14647.663742219835,1.189544450605637,1.06,1.1458781925721724,1.06,1.06,1.06
+2*4/1-1/4-2/1,1.5957073167585984,1.1076715500857646,1.415380786338244,1.0691609570819196,129.75798721950463,50446.915077694226,0.189811320754717,1.125,12.454519981943342,3390.2398670652447,1.5957073167585984,1.1076715500857646,12.454519981943342,3390.2398670652447,1.415380786338244,1.0691609570819196,0.7365388105965426,0.5149618995178314,0.654849938124887,0.4702428562925159,62.33262241427685,11788.1777415272,1.526322305563986,1.0848536406156053,1.3918469432120342,1.0529314352961958,0.189811320754717,1.125,62.168351691143954,20222.87720416355,1.308733229688993,1.06,1.2546563185888895,1.06,0.189811320754717,1.125,70.93714450707411,6394.184687384368,1.4379554689978225,1.036231010347329,1.3082243007636696,1.017802093075924,0.189811320754717,1.125,96.92283473254076,20222.87720416355,1.3811587326254997,1.06,1.2303817349417008,1.06,0.189811320754717,1.125
+2*4+6-3*4-2-2,1.59347935498412,1.9255292294227473e-36,1.397711343126645,0.0,0.13409973492774288,6.724785285103443,0.6710648148148148,1.324503311258278,0.044463232230902275,19.460925524592923,1.59347935498412,1.540671177040285,0.13167363095601026,19.460925524592923,1.4178223065511142,1.200063912158433,0.8105030769963767,0.24611757291908465,0.7967282415169393,0.0027335626362908687,0.3355183669931108,111.27241328384025,1.4658377480905609,1.5249246639383653,1.3290167572483844,1.1868787402641956,1.06,1.06,0.3355183669931108,6.522765465357817,1.3943174981530124,1.0832935991079007,1.2597218419412912,1.0757884218292009,1.06,1.06,0.4531423208060059,12.572143470575543,1.2831326769508324,1.4083676938016239,1.238254613719266,1.1692665351223004,1.06,1.06,3.226699595571798,19.460925524592923,1.1528316933144447,1.4327660508532614,1.1281817638623326,1.194715166008718,1.06,1.06
+0*1/5+6+6-3-5,1.5867694316283163,1.1681364054914454e-36,1.2557533710498505,0.0,9.97011161618111,145.70935062432216,0.3995555555555555,1.118243243243243,0.06861703006080133,1798.5057936618036,1.5867694316283163,1.06,0.06861703006080133,1798.5057936618036,1.2557533710498505,1.06,0.6957463726917628,0.12333502792646873,0.379906892139648,0.0024664971544870458,0.9664215630133598,1798.5057936618036,1.3519569394752016,1.06,1.1020766568797629,1.06,0.3302379691743559,1.06,0.20639427360679802,1.715280459377432,1.3479277517673216,1.169906800898077,1.1957789398971412,1.0865894504061158,0.3432098765432098,1.0627741661870378,1.9457439883589494,443.66278984234407,1.138455614711327,1.0497272582332149,1.125072941085055,1.0493199649119929,0.35445870637388865,1.06,1.9457439883589494,1798.5057936618036,1.138455614711327,1.06,1.125072941085055,1.06,0.35445870637388865,1.06
+2*5/1-1*4-3/4,1.5778980399697058,1.0087208318606447,1.3632345197699582,0.9713973338094412,350.9109705268898,56668.83741628023,0.189811320754717,1.125,14.082887089166732,10537.670936039533,1.5778980399697058,1.0848536406156053,14.082887089166732,27670.48547436073,1.3632345197699582,1.06,0.6996534617039418,0.34590254839613266,0.6195299431429954,0.25516258771240274,58.0902186377792,10824.226581935467,1.546093716153583,1.0774773813612355,1.3600346647279955,1.0371076841893232,0.189811320754717,1.125,8.712319274221764,27670.48547436073,1.2841364631033125,1.06,1.2376852457392589,1.06,0.49117389958253244,1.125,116.44022663946949,17010.019109863184,1.0419738650597652,0.9893134844186554,1.0396636158544412,0.9825376169297481,0.189811320754717,1.125,127.08576357836117,27670.48547436073,1.06,1.06,1.0599999999999998,1.06,0.189811320754717,1.125
+3*3*6+6-4*5-3,1.577093998125449,0.9650734112978921,1.3384064685742052,0.915404107675052,0.06260031947786109,1.0622070794189944,1.117416918429003,1.59245960502693,0.03590138266029254,0.05386682596703599,1.577093998125449,1.1191901492690592,0.045990430688570096,0.05386682596703599,1.3608675278530713,1.1045535726392015,0.7556508750669741,0.2731689735590065,0.7209241674954089,0.11253672148607642,0.07328480321171617,0.33509380149283785,1.4000630454909941,1.1122497843507424,1.2689934332126616,1.0975388889493822,1.06,1.1696865926369218,0.08892272974283574,0.008370521795912494,1.389480640832039,1.14622498993462,1.2472907110427298,1.128411335281687,1.06,1.0508884812023285,0.22320967629244326,1614452.4828026136,1.1618137728656197,1.06,1.1328142460555874,1.06,1.06,1.06,0.22320967629244326,1614452.4828026136,1.1618137728656197,1.06,1.1328142460555874,1.06,1.06,1.06
-1/3-3/4-6/3-0,1.5741003526552426,0.818093530845554,1.2827839245921748,0.7638001074538023,350.17734563373216,20.164883175418076,0.189811320754717,1.469072164948454,-0.5672358010108866,19.045936125687348,1.5978158919455996,1.06,-0.5672358010108866,19.045936125687348,1.30934643152341,1.06,0.6031352324115747,0.15121501788775826,0.4497173853822183,0.07024903955835217,-0.33567838455850807,19.045936125687348,1.5357922270148936,1.06,1.3269011041670262,1.06,0.5897221483082812,1.469072164948454,-0.2124017231658999,19.045936125687348,1.2775128284173183,1.06,1.1399168676851763,1.06,0.4188493223491895,1.469072164948454,14.511502196654819,18.044138664323313,1.193176179201943,1.0424769875497966,1.1022979731582183,1.0412730669638468,0.189811320754717,1.469072164948454,127.48959285928748,19.045936125687348,1.06,1.06,1.0599999999999998,1.06,0.189811320754717,1.469072164948454
+3*6-2/0-4/5-6,1.5736627163076335,0.9917001839544277,1.2662028631446323,0.9670064160944828,-0.5853877269366063,4.181156785339533,1.539823008849557,1.469072164948454,-1.1663323233657492,0.7795218480589134,1.6977505150435839,1.1030584425178778,-1.1663323233657492,0.7795218480589134,1.4238610810145986,1.089898392709871,0.7111736302518511,0.33247058326954354,0.661098243406845,0.2296942215296893,-1.0152434892725342,-0.7747195435256873,1.457704971221556,1.4659686913609606,1.3080269666418205,1.3273409558261247,0.8639100689217638,1.0473218863690652,-1.2068852479499046,-0.6551071075007905,1.2545214592311429,1.2692414976121362,1.1814823626812285,1.2193079358733283,0.7754260503439591,0.8723635120009949,-0.8383421154158177,7111.347822920094,1.3403443636306305,1.06,1.2319381539526637,1.06,0.7993628636496821,1.06,0.3640870424840139,7111.347822920094,1.1657165537616978,1.06,1.1129258049463369,1.06,1.06,1.06
+2*5/1-3*3/0/4,1.5724348250748272,1.0087208318606447,1.3679326319417402,0.9713973338094412,933.2844213005576,56667.68700559639,0.189811320754717,1.125,14.063655682725102,10537.649830030232,1.5724348250748272,1.0848536406156053,14.063655682725102,27670.55777178999,1.3679326319417402,1.06,0.7192992347114385,0.34590254839613266,0.6566121252132582,0.25516258771240274,59.122458782526934,10820.759270119117,1.5708708380094212,1.0774773813612355,1.3739545333515757,1.0371076841893232,0.189811320754717,1.125,61.12247237150058,27670.55777178999,1.3024191873095055,1.06,1.2434014643295073,1.06,0.189811320754717,1.125,114.96789292837316,16994.385514971473,1.2977958995065668,0.9893134844186554,1.1599185198397854,0.9825376169297481,0.189811320754717,1.125,4186.6744591935985,27670.55777178999,1.06,1.06,1.0599999999999998,1.06,1.06,1.125
+2*5/1+2+4-1/4,1.5719744173433976,1.0087208318606447,1.3940263390292396,0.9713973338094412,129.7572840114292,56676.884533429955,0.189811320754717,1.125,21.008814171935253,10541.113349729185,1.5719744173433976,1.0848536406156053,21.008814171935253,27673.611727450952,1.3940263390292396,1.06,0.748426190724818,0.34590254839613266,0.6881318335678845,0.25516258771240274,109.73972707728834,10837.525021901572,1.4384587567341,1.0774773813612355,1.284105276254412,1.0371076841893232,0.189811320754717,1.125,76.74213226195853,27673.611727450952,1.3141034171757984,1.06,1.2763304954657257,1.06,0.189811320754717,1.125,119.17796199042938,17014.59684719059,1.3942222302330585,0.9893134844186554,1.2662999278797227,0.9825376169297481,0.189811320754717,1.125,119.17796199042938,27673.611727450952,1.3942222302330585,1.06,1.2662999278797227,1.06,0.189811320754717,1.125
+2*5/1+2+4-6/4,1.5719744173433976,1.0087208318606447,1.3940263390292396,0.9713973338094412,95.097565976015,56676.835873046606,0.189811320754717,1.125,21.063761030823912,10541.061506157994,1.5719744173433976,1.0848536406156053,21.063761030823912,27673.541566070442,1.3940263390292396,1.06,0.748426190724818,0.34590254839613266,0.6881318335678845,0.25516258771240274,110.00271017628508,10837.487088790098,1.4384587567341,1.0774773813612355,1.284105276254412,1.0371076841893232,1.06,1.125,76.76652651030791,27673.541566070442,1.3141034171757984,1.06,1.2763304954657257,1.06,0.189811320754717,1.125,119.08570380358101,17014.5908276993,1.2175428501764545,0.9893134844186554,1.1843343193646492,0.9825376169297481,1.06,1.125,119.08570380358101,27673.541566070442,1.2175428501764545,1.06,1.1843343193646492,1.06,1.06,1.125
+2*3*6+6-1*5-2,1.5711441416041734,0.986547941758365,1.305503136159525,0.9665883613038044,0.10551028425887558,2.317151118537236,0.8828382838283828,1.165548098434005,0.1626950357835346,1.045954784756634,1.5788042326564298,1.0822092386827282,0.1626950357835346,1.045954784756634,1.3628290669437724,1.0738396658143483,0.7036890336878633,0.3886584084209477,0.6540836412446972,0.2977943070870247,0.1870433662881146,0.6066345708570374,1.503230042471177,1.526778971692211,1.3224885012401413,1.2346541026079854,1.06,1.1924788473192514,0.2527691035788053,0.15849983860833208,1.3769377514818266,1.1570790501661141,1.2045537923632565,1.1314823834916885,1.06,1.06,0.3188162729324812,113670.0967765412,1.4272406364668528,1.06,1.2608829908330308,1.06,1.06,1.06,0.634052036695633,113670.0967765412,1.2671333161155316,1.06,1.2091632927525897,1.06,1.06,1.06
+6+6-3*3*3-1/4,1.5705780610025668,1.2478587733606477,1.364965978104202,1.095825180722705,129.87670900400914,1.5446190213389106,0.189811320754717,1.190954773869347,0.09497316851459142,0.9894685639931964,1.5705780610025668,1.3391810480376216,0.09497316851459142,0.9894685639931964,1.364965978104202,1.2204749065744671,0.7685858878682014,0.3747809180910589,0.7377398135033174,0.2546957974366999,0.28993323942738236,1.2694712050242416,1.3787693724383134,1.3584485112354334,1.2082804216275782,1.242841427385086,0.2552110038888089,1.190954773869347,1.3820722574102624,1.2694712050242416,1.2444863489703746,1.4056211785484354,1.1372760666939181,1.275067294883924,0.189811320754717,1.190954773869347,0.4947566141389026,2.6896735242894794,1.378141467773355,1.06,1.2503584442658269,1.06,0.2552110038888089,1.06,17.364063631174517,2.6896735242894794,1.213818112301229,1.06,1.125185462081384,1.06,0.189811320754717,1.06
+2*4/1-0/1-3/4,1.5671848846062788,0.9710064724288706,1.3740799653477127,0.9224148175263978,349.89408276473245,64358.30081315964,0.189811320754717,1.125,15.030094164255228,16253.238569632764,1.5671848846062788,1.0739002158777364,15.030094164255228,24760.47367694078,1.3740799653477127,1.06,0.698918742849973,0.29889799675268314,0.6129553250065759,0.22174196930509366,67.37349571405908,13185.94336813814,1.466783999245586,1.0774773813612355,1.340738373439735,1.0371076841893232,0.189811320754717,1.125,49.62834413346476,24760.47367694078,1.297536188014584,1.06,1.2717792411566116,1.06,0.5457020198767897,1.125,126.2328408847609,16682.44771824782,1.1333359088446089,1.0739002158777364,1.0907702170794134,1.0334676524050481,0.189811320754717,1.125,127.43219496717374,24760.47367694078,1.152942606009009,1.06,1.1131766322258425,1.06,0.189811320754717,1.125
+3*6+6/3+0-4/3,1.5647765150494424,1.072866243658153,1.3229670934897606,1.0164736278294175,0.9389766509456686,11.58796693328117,1.25,0.7469135802469136,1.4161994955257091,4.397509169317864,1.6423790822511033,1.1912387813339407,1.4161994955257091,4.397509169317864,1.4230865312577972,1.156960400309887,0.7099127524543264,0.4358406637971762,0.6377191148894271,0.3172905600107038,1.536931652128139,5.188706045986151,1.4930185119517654,1.5125845468102697,1.3306959982500521,1.276961843282156,1.06,1.1149314445013367,1.1660822046089054,1.880229746919816,1.5092588471475838,1.2138072453341724,1.3575527939986771,1.1921631205149497,1.06,0.8587848932676518,2.1637773542027485,7290.18343732155,1.3930527618932036,1.06,1.3043969865272662,1.06,1.06,1.06,4.204790046099125,7290.18343732155,1.2737408424579704,1.06,1.2058473348801009,1.06,1.06,1.06
+5-1*4/0-3*6-1,1.5634852011755185,1.316037076522866e-72,1.4205752296681922,0.0,2.043391399728725,34.73557513097253,0.7033195020746887,5e-324,0.808846342728058,3773.0221695396012,1.5634852011755185,1.06,0.808846342728058,3773.0221695396012,1.4205752296681922,1.06,0.7778127656585437,0.04882511582751371,0.7497085320571348,0.0013108871553841497,4.882892626104995,3773.0221695396012,1.390533022086179,1.06,1.2676538994223985,1.06,1.06,1.06,6.968725492113437,3773.0221695396012,1.3071084350974072,1.06,1.2154379130256252,1.06,1.06,1.06,18.53204511807622,3773.0221695396012,1.0779502374157337,1.06,1.0759722096905169,1.06,1.06,1.06,18.53204511807622,3773.0221695396012,1.0779502374157337,1.06,1.0759722096905169,1.06,1.06,1.06
+5-1*5/0-3*6-2,1.5634852011755185,1.0255169924587501e-72,1.4205752296681922,0.0,2.030460300073191,30.938632359797257,0.7033195020746887,5e-324,0.7636676810069184,3863.5610473227903,1.5634852011755185,1.06,0.7636676810069184,3863.5610473227903,1.4205752296681922,1.06,0.7778127656585437,0.03150246382268522,0.7497085320571348,0.0012958221471118085,4.55412363369341,3863.5610473227903,1.393411909328214,1.06,1.2512972836431826,1.06,1.06,1.06,5.402443189176245,3863.5610473227903,1.3289929297292091,1.06,1.2279150551081024,1.06,1.06,1.06,41.59839703569649,3863.5610473227903,1.0779502374157337,1.06,1.0759722096905169,1.06,1.06,1.06,41.59839703569649,3863.5610473227903,1.0779502374157337,1.06,1.0759722096905169,1.06,1.06,1.06
+4*6+6-2/0-4/1,1.5622032975524267,1.6735559485664435e-36,1.1795356104870158,0.0,0.07453349928707469,3.660325357024588,0.189811320754717,1.50378651280202,-0.5909286675180537,1.6858460027255138,1.6901257468506117,1.5543350590924354,-0.5909286675180537,1.6858460027255138,1.3483802863392884,1.2007308655625049,0.6326936424415676,0.15442484321503022,0.463430921390525,0.0024751057553650227,-0.3902651235834271,0.02721461385589974,1.4558967830248284,1.630963842826426,1.2828987977760782,1.3878753290936967,0.4575649350471609,1.5266175584019999,-0.5331662056238848,1.6858460027255138,1.4321948807891414,1.1010385172720605,1.323351062023793,1.0956787918843525,0.4971622735023673,1.50378651280202,0.019593389171823905,14568.455592486249,1.3436847957680842,1.06,1.2098971542634127,1.06,0.26651059864896337,1.06,4.132704053855896,14568.455592486249,1.1903526138634717,1.06,1.135613220975315,1.06,1.06,1.06
+1*6+6/5+6-3/5,1.5601565716951762,1.5392922280266559,1.3154404401377962,1.102240851769214,2.200029035596819,618.5525676245807,0.8728448275862069,1.118243243243243,0.902343430242157,2.2685203130982474,1.5601565716951762,1.5392922280266559,1.3765498521004453,2.2685203130982474,1.3371310375974932,1.102240851769214,0.735579856691276,0.40614617245435364,0.6872891146352221,0.2229532707776822,2.813181433082537,1.9098023609667147,1.4876397730007125,1.5308853372826863,1.3232872244125027,1.3337069943118334,1.06,1.0247312021099877,1.674716651872912,1.4552261081082438,1.3779239718870144,1.1924483147331926,1.2978295599660024,1.1405017542663811,0.8728448275862069,0.9028378500290608,2.286976029942181,3671.834113857612,1.4126987201820305,1.06,1.30732940924377,1.06,1.06,1.06,21.090039887109302,3671.834113857612,1.06,1.06,1.0599999999999998,1.06,1.06,1.06
+5-5*6/3-1/4-1,1.5591972836772745,1.0163425194850579e-72,1.3816937766345452,0.0,129.6667403550412,514.9278051082248,0.189811320754717,1.469072164948454,5.947026424045173,274.1988492538537,1.5591972836772745,1.070038553076081,29.958111416346327,274.1988492538537,1.3822276777128302,1.0696666168336073,0.7444957714173815,0.035104456430161614,0.6804660617345597,0.001296398843107286,42.49515586634347,18.006590182484786,1.3780669277265407,1.21472133914616,1.2542470396417669,1.1549862727666196,0.189811320754717,1.3686524137222658,43.5381424304533,18.006590182484786,1.2951549233247253,1.3403708334681605,1.1834691298756872,1.262663850308406,0.189811320754717,1.258196721311475,34.71033178536136,274.1988492538537,1.3144642273988414,1.070038553076081,1.2338202679963828,1.0696666168336073,0.189811320754717,1.469072164948454,34.71033178536136,274.1988492538537,1.3144642273988414,1.070038553076081,1.2338202679963828,1.0696666168336073,0.189811320754717,1.469072164948454
+6*6*6-2/0-4/5,1.5535944451948598,1.474346791036504,1.2814172423180163,1.0298075610652582,-0.7170584060909315,3.1220869423175186,0.6891304347826087,1.32258064516129,-1.1715329255379143,-0.3441901522770272,1.6337698376968393,1.695135155832917,-1.1715329255379143,-0.3441901522770272,1.3843639556682734,1.248304434668876,0.7524099826993477,0.28513068220418436,0.7302460895335351,0.15622771325012055,-1.0221727860368093,-0.3441901522770272,1.2925505981939018,1.5949100860964587,1.1865705300895424,1.3503245988054822,0.8317691932372724,1.1245214213267638,-0.9861002609169723,-0.9382622811989818,1.331825768212153,1.1755019415879269,1.2132659859181192,1.0915625570338343,0.6685088793631353,0.8377384960718297,-0.9470992993517199,22903.640207781893,1.2538695475334067,1.06,1.1902875316770427,1.06,0.7993628636496821,1.06,-0.9923818082957405,22903.640207781893,1.2285292472372398,1.06,1.1836121136320874,1.06,0.8639100689217638,1.06
+6-1*2/0/3-4/1,1.5526006238625412,1.6026621795303263e-72,1.1922350333515614,0.0,0.07458052553309054,0.10579092369587584,0.189811320754717,1.59245960502693,-0.5920691585219211,0.12678142163514183,1.6021444226945862,1.060007610446697,-0.5920691585219211,24.33298435109004,1.3079522395374046,1.06,0.639068591902786,0.09073445033145082,0.4706298282325793,0.0012700117619480796,-0.4396054547902724,-0.0017950807400506524,1.4764274798797241,1.0767290346548573,1.2295233061872222,1.0645041829358965,0.38037643513534497,1.2673883095420642,-1.095876814477041,-0.0017950807400506524,1.3211502962235542,1.1063957435897764,1.2176060483688325,1.0830855279405713,0.6320256452063768,1.2673883095420642,-0.04124038173597033,24.33298435109004,1.2131179562236627,1.06,1.119441689587743,1.06,0.26651059864896337,1.06,-0.007541036094324188,24.33298435109004,1.2339803962992129,1.06,1.142893584367647,1.06,0.26651059864896337,1.06
+2*4/1-2/1-3/4,1.5517552983373892,1.1076715500857646,1.3617191857937851,1.0691609570819196,350.91090636135783,50446.30081315964,0.189811320754717,1.125,12.386471182756916,3389.338100782141,1.5517552983373892,1.1076715500857646,12.386471182756916,3389.338100782141,1.3617191857937851,1.0691609570819196,0.6926486249320563,0.5149618995178314,0.6089534983163049,0.4702428562925159,62.13730882061808,11787.653269293773,1.5129348120197983,1.0848536406156053,1.3806973732451653,1.0529314352961958,0.189811320754717,1.125,61.99525964889446,20222.181340492178,1.308733229688993,1.06,1.2546563185888895,1.06,0.189811320754717,1.125,70.6488456120952,6393.658004464499,1.4135019035995173,1.036231010347329,1.2773867661071217,1.017802093075924,0.189811320754717,1.125,118.48827022090295,20222.181340492178,1.152942606009009,1.06,1.1131766322258425,1.06,0.189811320754717,1.125
+0-0*2-6*6-6/3,1.5489234917089716,0.866413051373461,1.1518082864814818,0.8171689515000939,3.6657231711028153,17.959705366386174,0.6371681415929203,1.95970695970696,0.7541962172688021,20.29379403578533,1.5798935104654328,1.06,0.7541962172688021,20.29379403578533,1.1942979980734987,1.06,0.5784989756511324,0.20625120113007792,0.18511463847899406,0.14071624042544606,0.8110973062769307,20.29379403578533,1.5176951741270623,1.06,1.3208565067806117,1.06,0.9230359768412532,1.06,1.0468727246081913,20.29379403578533,1.2685618788236421,1.06,1.2002554937318977,1.06,0.647887323943662,1.06,5.727506706903306,19.687625863943037,1.0413747236373962,1.0424769875497966,1.0389022919179733,1.0412730669638468,1.06,1.06,13.823234702817604,20.29379403578533,1.06,1.06,1.0599999999999998,1.06,1.06,1.06
+3*6+6/5-3/5-0,1.5455011671269,1.142031210404319,1.270008450146498,1.0392577705899932,2.1233905459522453,618.1727734377573,0.8728448275862069,1.118243243243243,1.2528926084769993,1.1944359590325409,1.5503667743584348,1.142031210404319,1.2528926084769993,6989.948942713691,1.344641320152262,1.06,0.714093129587268,0.40836069112333717,0.6625350381548148,0.22337123095620678,2.8670605767696618,1.7869947298036026,1.563301907555417,1.5201627647600335,1.3648184079342645,1.30184225627719,1.06,0.9603165515838086,0.8964449044134775,1.357354123433904,1.3530527440583007,1.2340218868367738,1.2064629575929802,1.178508779950826,0.9951308730076049,0.9028378500290608,2.2827921683273424,6989.948942713691,1.4536600805965572,1.06,1.3422577161368936,1.06,1.06,1.06,20.95246721755289,6989.948942713691,1.06,1.06,1.0599999999999998,1.06,1.06,1.06
+6+6-2/1-3/4-3,1.543568588099102,1.8930085838935318,1.336041577021632,1.3392375076564882,350.7978907199485,0.9707192391220063,0.189811320754717,1.32258064516129,-0.09989883187950083,0.2841550412844542,1.5446584004340944,1.9319725020579752,-0.09989883187950083,0.2841550412844542,1.3372374803791276,1.3968666560408607,0.7665307231769868,0.5279496255420716,0.7327044087266491,0.404503637435297,0.03348201560796346,0.9321692774383482,1.3548455964500798,1.954275131578553,1.2301814523915995,1.4209435934859367,0.3938289408641442,1.32258064516129,1.3455013707438885,0.9321692774383482,1.2444863489703746,1.4056211785484354,1.1372760666939181,1.275067294883924,0.189811320754717,1.32258064516129,0.2557245331269061,1.676987180668864,1.2465701038114545,1.5249246639383653,1.169777339589065,1.1868787402641956,0.3938289408641442,1.06,117.79022640192292,1.676987180668864,1.06,1.5249246639383653,1.0599999999999998,1.1868787402641956,0.189811320754717,1.06
+3*6-2/0-5/3,1.5424848546710264,1.1190666923582984,1.2127577142493209,1.0897994187319842,0.016502022612192743,1.2078923097078351,0.189811320754717,1.50378651280202,-0.2880252338190739,0.23190187419874286,1.5424848546710264,1.1620383439741775,-0.2835343087815767,0.23190187419874286,1.2150180177502619,1.1420100916044909,0.5915882979998871,0.451103048024006,0.4689885718014432,0.32382683541909474,-0.3126329422402983,1.6542444243069436,1.396688800520988,1.4624964728865495,1.1781797230559987,1.2474648540387605,0.30169462016110177,1.06,-0.3941910555727901,0.0527835820507955,1.376623618219228,1.2268451991326097,1.2774246497860509,1.1903833079676724,0.30169462016110177,1.06,-0.18437561492217858,7139.789579524626,1.3386886752225162,1.06,1.1391892835556374,1.06,0.26651059864896337,1.06,0.46257496305547363,7139.789579524626,1.1702536959181813,1.06,1.1176194939081536,1.06,1.06,1.06
+0*0*1/5+6-2-5,1.541434366695487,1.1424517743852672e-36,1.3288840029288016,0.0,1.7868493792215268,48.78964302105738,0.3432098765432098,1.118243243243243,0.11562074430137342,7900.85442724071,1.6007604942821025,1.06,0.20675314123274624,7900.85442724071,1.4217411713955326,1.06,0.7818811467415095,0.11793661850477713,0.7581770964401814,0.00246950340523907,0.20675314123274624,1.2865669434947389,1.4720693087983983,1.1858754272939451,1.3240700997562767,1.1032210349259808,0.3432098765432098,1.0760236412048527,0.2504378030250744,1.2537793442850467,1.325190097382155,1.1421918403317577,1.2085096138473455,1.0575664472075128,1.06,0.9832660257432848,0.2504378030250744,7900.85442724071,1.4160806922053206,1.06,1.2959274560707168,1.06,0.3432098765432098,1.06,0.4621669480354218,7900.85442724071,1.2190652128170476,1.06,1.192730149975594,1.06,0.3432098765432098,1.06
+5*6+5-0*6/4-4,1.541085990587257,0.9179931518236407,1.2217542166064972,0.8543705967598566,8.824107481991037,240.26272377190583,0.189811320754717,0.6033755274261603,1.984309807618887,234.21418273782808,1.6873608569551277,1.0648354690743993,1.984309807618887,9874.965637235553,1.4464711266274066,1.06,0.671489010666946,0.21246768147989592,0.5985012116668512,0.1174038470350345,2.721010633096988,377.08734527793393,1.5767229781147967,1.3768502862783591,1.4106240999028445,1.1373791677929814,0.189811320754717,1.06,5.9378885819350575,234.21418273782808,1.2908045216396626,1.06,1.2126743683063543,1.06,0.189811320754717,0.6033755274261603,5.126805395568223,9874.965637235553,1.2257917845984863,1.06,1.169140986573843,1.06,0.189811320754717,1.06,7.9191185212128445,9874.965637235553,1.1702536959181813,1.06,1.1176194939081536,1.06,0.189811320754717,1.06
+2*4/1+0+5-1/4,1.5404924526766652,1.0087208318606447,1.209120115511544,0.9713973338094412,129.8507691844091,68399.88685912437,0.189811320754717,1.125,20.638027258870128,12752.904187952932,1.5404924526766652,1.0848536406156053,141.04898973088916,33883.85105720134,1.223878084302486,1.06,0.6298959210637952,0.34590254839613266,0.15274659696139065,0.25516258771240274,102.51942532816818,13418.808755509404,1.490501166229953,1.0774773813612355,1.3336931449833178,1.0371076841893232,0.189811320754717,1.125,79.40119818371073,33883.85105720134,1.364117123966866,1.06,1.309476184652434,1.06,0.189811320754717,1.125,141.04898973088916,21366.211699147374,1.3261200117317085,0.9998807018200997,1.2105134445728738,0.9957755762027533,1.06,1.125,141.04898973088916,33883.85105720134,1.3261200117317085,1.06,1.2105134445728738,1.06,1.06,1.125
+2*4/1+0+4-1/4,1.5404924526766652,1.0087208318606447,1.209120115511544,0.9713973338094412,129.8500659763337,68400.54018034718,0.189811320754717,1.125,20.707868746293634,12753.008934529027,1.5404924526766652,1.0848536406156053,141.35352107999412,33884.2038725797,1.223878084302486,1.06,0.6298959210637952,0.34590254839613266,0.15274659696139065,0.25516258771240274,103.39251271233883,13419.914798455466,1.490501166229953,1.0774773813612355,1.3336931449833178,1.0371076841893232,0.189811320754717,1.125,80.06484324982611,33884.2038725797,1.3627213243494138,1.06,1.3076853845065897,1.06,0.189811320754717,1.125,141.35352107999412,21366.308733484293,1.3261200117317085,0.9998807018200997,1.2105134445728738,0.9957755762027533,1.06,1.125,141.35352107999412,33884.2038725797,1.3261200117317085,1.06,1.2105134445728738,1.06,1.06,1.125
+2*4/1+4-6/4,1.5404924526766652,1.0087208318606447,1.209120115511544,0.9713973338094412,95.097565976015,68399.67698698778,0.189811320754717,1.125,20.712200486704873,12752.861940932442,1.5404924526766652,1.0848536406156053,20.712200486704873,33883.28246505414,1.209120115511544,1.06,0.6298959210637952,0.34590254839613266,0.15274659696139065,0.25516258771240274,103.50726335453393,13419.212367045018,1.490501166229953,1.0774773813612355,1.3336931449833178,1.0371076841893232,1.06,1.125,83.58454601410942,33883.28246505414,1.3736273875001328,1.06,1.317486075017054,1.06,0.189811320754717,1.125,141.16599738100106,21366.13697254692,1.1580707176717153,0.9998807018200997,1.1353964959518634,0.9957755762027533,1.06,1.125,141.16599738100106,33883.28246505414,1.1580707176717153,1.06,1.1353964959518634,1.06,1.06,1.125
+1*6/5+4*6+5-4,1.5388903427700862,0.9558695591747263,1.2512807121527778,0.9233189268599667,2.431234725290107,20.091739062789618,0.3090909090909091,1.118243243243243,1.6180292852827876,9.806608933140204,1.6209871245963947,1.0655775170989708,1.6180292852827876,14395.965455690475,1.355841700209547,1.06,0.6971782354581559,0.31947252846583407,0.6315264493956656,0.21383050411676224,3.5396510420887606,4.808012306997146,1.5208454089133832,1.6380903691061652,1.3121301529532823,1.3669745502358561,1.06,1.2241013860478855,2.333472121431411,4.808012306997146,1.4580897936689377,1.3357519071173045,1.3143777633506364,1.1283453675936226,1.06,0.7907692307692308,5.8084770801748,14395.965455690475,1.3540127738448353,1.06,1.1903645582998608,1.06,1.06,1.06,9.574013296954547,14395.965455690475,1.1702536959181813,1.06,1.1176194939081536,1.06,1.06,1.06
+1+5-1*4/0-5*6,1.5346739731428671,1.1588273254494288e-108,1.4307645599660839,0.0,1.920000343379373,235.04877771455537,0.7033195020746887,1.469072164948454,0.8201274990017021,6288.809721252207,1.5346739731428671,1.06,0.8201274990017021,6288.809721252207,1.4307645599660839,1.06,0.7692364106815859,0.01272130358446636,0.7080437282669748,0.0008563778599646656,3.5051670819948146,6288.809721252207,1.3761005637572363,1.06,1.2928626154200318,1.06,1.06,1.06,14.322006383540558,6288.809721252207,1.291887035075004,1.06,1.2275055927356133,1.06,1.06,1.06,14.322006383540558,6288.809721252207,1.2965506147705532,1.06,1.2357297226800912,1.06,1.06,1.06,14.322006383540558,6288.809721252207,1.2965506147705532,1.06,1.2357297226800912,1.06,1.06,1.06
+2*5/1-3/4-3-6,1.5340895426648458,1.0087208318606447,1.326402423412416,0.9713973338094412,350.5972691074014,56666.311660002946,0.189811320754717,1.125,14.641608608622786,10536.856135073796,1.5340895426648458,1.0848536406156053,62.07468076130795,27669.674149125145,1.3378748843497141,1.06,0.6745765796833358,0.34590254839613266,0.6013229262974182,0.25516258771240274,62.84135947581735,10820.033002641167,1.5721789588224993,1.0774773813612355,1.4004960404714386,1.0371076841893232,0.189811320754717,1.125,14.641608623264394,27669.674149125145,1.277303228288996,1.06,1.2333400132546137,1.06,0.5884172492546341,1.125,115.70851589055974,17008.819392202546,1.1333359088446089,0.9893134844186554,1.0907702170794134,0.9825376169297481,0.189811320754717,1.125,126.18368126612567,27669.674149125145,1.06,1.06,1.0599999999999998,1.06,0.189811320754717,1.125
+4*4-5*5*5-4/5,1.533909908520026,1.0759072673745456,1.347598725964012,0.9274615669228579,2.345717712308022,31.647194101903434,0.3206106870229008,1.256038647342995,-0.07457145923405828,46.67305384559673,1.5830743167783945,1.0898468300819761,-0.07457145923405828,425.491653548249,1.4187916605384867,1.06,0.752849088653228,0.2646219849790373,0.5955128974721989,0.13031541782359335,0.0845143558116368,15.667633623949436,1.4631759169236795,1.1341648925159382,1.3081059014305971,1.1061491856398442,0.3206106870229008,1.0123254488916875,-0.4472735802582761,13.077303431902628,1.329871341563124,1.118678054368514,1.2570159440038924,1.094015931477438,0.48745310983447443,1.1593717796405962,0.6112651687832265,425.491653548249,1.3399790848133772,1.06,1.2720803935152212,1.06,0.3206106870229008,1.06,0.6112651687832265,425.491653548249,1.3399790848133772,1.06,1.2720803935152212,1.06,0.3206106870229008,1.06
+4*6+5-0*3/4-4,1.5332500490295262,0.9336641332649942,1.217686428464108,0.9055132304903968,32.55885958045018,10.739766148092421,0.189811320754717,0.7907692307692308,1.5319056062360428,9.694740169767933,1.5819993878592977,1.0655775170989708,3.0759725342947366,14311.633161952788,1.29891580325907,1.06,0.6692235163765969,0.3072978086090096,0.5971350818984662,0.2116591286094707,3.3631314641216488,4.738049270483657,1.395998297263757,1.659643006916622,1.3079416841306717,1.3370607603859395,0.189811320754717,1.2593874336494333,5.941021805708351,4.738049270483657,1.2578520864422396,1.3357519071173045,1.1755858022732963,1.1283453675936226,0.189811320754717,1.06,5.444473321138066,14311.633161952788,1.2191441527915874,1.06,1.162710743826843,1.06,0.189811320754717,1.06,8.627778299971554,14311.633161952788,1.1903526138634717,1.06,1.135613220975315,1.06,0.189811320754717,1.06
+4*6+5-6*6/4-4,1.5332500490295262,0.9558695591747263,1.217686428464108,0.9233189268599667,6.360245553212167,10.952305200802076,0.189811320754717,0.7907692307692308,3.313362254478415,9.756587938983174,1.6335342320088977,1.0655775170989708,3.313362254478415,14384.084741131606,1.3981731666385584,1.06,0.6692235163765969,0.31947252846583407,0.5971350818984662,0.21383050411676224,3.623326188648548,4.794615791080357,1.5825096739301807,1.6561835471310595,1.3937403658435226,1.3564610987414865,0.189811320754717,1.2593874336494333,5.859336369613683,2.5223435388403246,1.2767609927970087,1.395071056489251,1.1934079189468008,1.1872937126484537,0.189811320754717,0.9185634233316353,5.784795100415604,14384.084741131606,1.4156335204566388,1.06,1.260161807023956,1.06,0.189811320754717,1.06,9.147035759865064,14384.084741131606,1.3630863799364086,1.06,1.2107597980398652,1.06,1.06,1.06
+0*2*3*6/4+6+6+6,1.5326883533722737,1.2360642370161,1.2198885870177218,1.0724677692024964,1.086381186404792,4.91769050160671,0.3090909090909091,1.32258064516129,1.097468326568101,2.6752383183376724,1.5326883533722737,1.2797320025768262,1.097468326568101,3.662623577214595,1.2198885870177218,1.150964561703492,0.6939924581767096,0.38539925460773894,0.6242376470349404,0.23133424695442836,1.0797204133588598,2.6752383183376724,1.2526694700044327,1.6129514428691287,1.0299004839071533,1.3180542717514716,0.3090909090909091,1.201963788097635,1.0905040319557906,3.4717777500120066,1.325801490541776,1.2041887719343694,1.1189017281954114,1.1520975860609306,1.06,1.06,2.297420608432851,46902.98689194474,1.1976169469939641,1.06,1.1552510099541813,1.06,1.06,1.06,4.105978558873295,46902.98689194474,1.1950393305122862,1.06,1.138962623471694,1.06,1.06,1.06
+6*6*6/3/5+5*6+6,1.5304291541029882,0.9612437482267804,1.2674908727903593,0.9241704434424255,3.1120700547753612,173.7313748356532,0.3090909090909091,1.118243243243243,1.1684297555727499,64.59896816719574,1.5847331927726287,1.0974367531020643,1.1684297555727499,64.59896816719574,1.3409396118164054,1.0867055210704788,0.7104037957880508,0.31543090131116625,0.647924982451088,0.19954780226254518,4.84753318529946,6.149131571951666,1.51894174922605,1.5718962635510558,1.3135011651987356,1.278745120466536,1.06,1.368612608401197,2.8297559246937714,6.149131571951666,1.4498979875358093,1.3033720237833215,1.3614039629443817,1.077642773337391,1.06,1.118243243243243,7.581899389938496,10070.518600468175,1.2376374716810463,1.06,1.143088829237304,1.06,1.06,1.06,15.588819278192588,10070.518600468175,1.0681275566143156,1.06,1.067927525493478,1.06,1.06,1.06
+2*2*6+3*6+6-3,1.5287571650127898,1.0809049331166896,1.2184764597212412,1.0671283408030836,0.131947603873916,10.581575274798691,0.6710648148148148,1.165548098434005,0.04920053756437892,2.5880446339278214,1.5287571650127898,1.0809049331166896,3.011366961791662,22.964724051747115,1.258786913985619,1.0685229630965691,0.6060056374292048,0.47844399734588633,0.4752617011042574,0.3424132760787844,8.036160178577596,1.2498230025875472,1.3741436022523859,1.454672384891527,1.2653131696839044,1.2851008931277452,1.06,1.3470927794266518,0.18327395949083247,0.567623319651043,1.393929484871752,1.086785185694209,1.2235146823710312,1.0707436157992045,1.06,1.3428272241281807,3.1245619597542698,21002.61817686769,1.3331233997125134,1.06,1.2552243604526445,1.06,1.06,1.06,14.821843675623615,21002.61817686769,1.139608242188838,1.06,1.1258245931765136,1.06,1.06,1.06
+0*1*3*6*6*6+6+6,1.5265723886626217,1.2631618563789724,1.20622186236262,1.071001790087283,0.7369613671578175,7.491816795435268,0.3090909090909091,1.50378651280202,0.6588145734180473,2.707096999927799,1.5807395781752451,1.3223366934164151,1.9340432785592365,2.707096999927799,1.2775586013828268,1.1319753513750583,0.6830183781737503,0.4059201365094803,0.6149949009407467,0.29319665510195697,0.6718940323637735,2.521028321603616,1.323026590070426,1.8459388270907269,1.1218269901748767,1.44787578446595,0.3090909090909091,1.462668611951871,0.6588145734180473,0.90602088844616,1.3991846780915236,1.187556278250445,1.195471168852529,1.1007478974214355,1.06,0.9185634233316353,2.210600798156594,111422876888.1445,1.2697948821308371,1.06,1.2109442032633482,1.06,1.06,1.06,12.278538171659315,111422876888.1445,1.1903526138634717,1.06,1.135613220975315,1.06,1.06,1.06
+3*5/1/4+5-1/4,1.522811575996606,1.022023989027551,1.349636096927738,0.9530765220050258,129.75798721950463,10488.71869281957,0.189811320754717,0.8540372670807453,9.573298780131918,26913.623624177715,1.522811575996606,1.06,9.573298780131918,26913.623624177715,1.349636096927738,1.06,0.6607394542721873,0.34986145632875715,0.5720258708200434,0.25835535637311025,47.00929930593494,2548.9704479348566,1.2814993704147288,1.0891035026208016,1.1422258382547168,1.0330716559074704,0.189811320754717,0.9895186335403727,27.65516729526069,1026.862146896462,1.2703389620345773,1.0620081871366005,1.255932250615522,1.011787317579395,0.189811320754717,1.06,65.43409367394233,26913.623624177715,1.2021704340485568,1.06,1.1027690059020872,1.06,0.189811320754717,1.06,395.924022157306,26913.623624177715,1.06,1.06,1.0599999999999998,1.06,1.06,1.06
+6-6*6-5/1-2-2,1.5224031743463933,1.0679854405970648,1.2747759669127927,1.017977489391082,0.062401756246693675,0.09099872200242184,0.189811320754717,0.9552752293577982,-0.12928526199891882,0.07664001522494075,1.5224031743463933,1.1941053438885532,-0.12928526199891882,0.07664001522494075,1.2747759669127927,1.1726566439034958,0.7380987462535334,0.42148311395714,0.6969317580359657,0.3385469018312026,-0.14262469399760597,0.07664001522494075,1.4302278287419268,1.2202216680728795,1.2264364684026985,1.1998162138944848,0.4331728864089535,1.071263112686867,-0.17748847437232684,0.07664001522494075,1.3966978153936356,1.1510704344890188,1.254771998438282,1.1426743371419137,0.26651059864896337,1.071263112686867,-0.08933234805785004,0.044952393249804705,1.2558880190170374,1.1138016709719338,1.1169538327742434,1.1016664241325504,0.26651059864896337,1.2350087417912448,0.037743175820137816,0.07664001522494075,1.2522066735101778,1.2202216680728795,1.158115612366406,1.1998162138944848,0.26651059864896337,1.071263112686867
+1*6/5+0*0+5*6,1.5213973039732176,0.9703836198995596,1.2531047783113947,0.8957079962604854,2.867012966292323,79.68902899258327,0.3090909090909091,1.48294930875576,1.884704990910112,32781.85065279464,1.5753808665611064,1.06,1.884704990910112,32781.85065279464,1.3248484975377748,1.06,0.7128739202446267,0.2938120978474395,0.6652055639073424,0.08835733460126839,4.831869527341055,6.288052195796238,1.399103481936526,1.3661813810479388,1.2374442161921704,1.2270702662178405,1.06,1.3392539982257927,5.47473540645451,6.288052195796238,1.404876102973227,1.2063210615284337,1.2733954959423772,1.1326023954588824,1.06,1.1098259465706575,9.09369890188658,32781.85065279464,1.2199008732962704,1.06,1.1286827111977173,1.06,1.06,1.06,12.327391317848006,32781.85065279464,1.2070455496523553,1.06,1.1511121210546649,1.06,1.06,1.06
+0*0*1*6+6+6-0,1.5101165638981404,1.833024486955828,1.1795702950585145,1.2902708536744283,0.48628482320759625,10.827317660067047,0.3090909090909091,1.48294930875576,0.41554468713870646,0.6480432632895531,1.5807395781752451,1.833024486955828,0.41554468713870646,0.6480432632895531,1.272555564021814,1.2902708536744283,0.6675429045019607,0.5162789923283267,0.5963909926716314,0.3532045644290161,0.6972121035921808,1.6108658425980733,1.3449448152706218,1.8113734878588355,1.046369489559878,1.459284910504954,1.06,1.6435193972209683,0.699889374195706,1.0560441469586417,1.5365485098858167,1.3225451747283787,1.2352207413919152,1.23999798559214,1.06,1.3775706128216696,1.302468743274101,82828358.6788659,1.22791914752102,1.06,1.1794472069257853,1.06,1.06,1.06,4.203687967639179,82828358.6788659,1.116734615802265,1.06,1.1068453321198388,1.06,1.06,1.06
+2*2*6+1*6+6-3,1.5097574475784523,1.0809049331166896,1.2543777050946754,1.0671283408030836,0.15771978199940215,9.321036309885283,0.6710648148148148,1.165548098434005,0.04808172701795026,1.7066741265690284,1.5097574475784523,1.0809049331166896,0.04808172701795026,22.011678445526776,1.2543777050946754,1.0685229630965691,0.6664294271966604,0.47844399734588633,0.5927451480556047,0.3424132760787844,0.2678991287786036,22.011678445526776,1.4040329321254537,1.479023900718332,1.1860310072970124,1.2323168381205951,1.06,1.06,0.2678991287786036,0.5568092706145165,1.4212461612015905,1.0889271691883597,1.2919501673844531,1.0718911310816166,1.06,1.3428272241281807,1.6376187773244855,17505.340121982426,1.2090727442120266,1.06,1.1086103769994258,1.06,1.06,1.06,12.21718960466075,17505.340121982426,1.139608242188838,1.06,1.1258245931765136,1.06,1.06,1.06
+0*2*2*6*6*6+6,1.5095138497613727,1.0687241316301272,1.1960593115111091,0.9860954448394984,0.3646742295440551,3.05081451588224,0.3090909090909091,1.081818181818182,0.36582277488852305,1.2929036020795008,1.5095138497613727,1.0687241316301272,0.36582277488852305,1712601126.6836848,1.1960593115111091,1.06,0.6797164901610534,0.3427245355131674,0.6129881291560986,0.22100908597300387,0.3456123569554099,0.9870748443649526,1.2986169812017825,1.5665415916369736,1.06164259060211,1.249225795309901,0.3090909090909091,1.4022098168541537,0.5980633287852196,2.5372018523277027,1.4026770264077384,1.0808497349329416,1.2816622698747828,1.0796591882164819,1.06,1.06,0.9453560445603431,1712601126.6836848,1.1928238770180335,1.06,1.0868096640160017,1.06,1.06,1.06,11.364118989431597,1712601126.6836848,1.078205328550825,1.06,1.0761727765954257,1.06,1.06,1.06
+0*1*2*6*6*6+6,1.5095138497613727,1.3565684539330534,1.1960593115111091,1.0805221003994652,0.36601116621632357,2.6701800816520334,0.3090909090909091,1.081818181818182,0.33769548155227896,1.0173632229863498,1.563075753133401,1.364995266700308,0.33769548155227896,1.0173632229863498,1.2612497801920095,1.0877270088896651,0.6797164901610534,0.3688205375673802,0.6129881291560986,0.22690249520823239,0.3518884517923396,1.2357580695111365,1.3448085417906601,1.8075315627236646,1.1038771160363998,1.3423519477528425,0.3090909090909091,1.462668611951871,0.3518884517923396,1.2357580695111365,1.4842281486395303,1.3938168502314763,1.3238191730101785,1.192368967885517,1.06,1.462668611951871,1.0610090934838445,9867756291.004879,1.2307142615103877,1.06,1.117104592475397,1.06,1.06,1.06,7.217642581024092,9867756291.004879,1.1903526138634717,1.06,1.135613220975315,1.06,1.06,1.06
+0*0*1*2*6/3+6+6,1.5095138497613727,1.255742659391365,1.1960593115111091,1.0379778131398383,0.7175862757382647,3.2621851314561994,0.3090909090909091,1.32258064516129,0.7316455507770462,1.6521944685360213,1.5095138497613727,1.2657688189232028,1.954854385037292,3.970182203018525,1.2037054841775092,1.0899895046861252,0.6797164901610534,0.36600317269944466,0.6129881291560986,0.2264923686979425,0.7133199557197645,1.8994963123683832,1.301336011031136,1.9114965542853108,1.0573547361961106,1.4817867385371615,0.3090909090909091,1.6350513861207687,0.6822162312034876,3.970182203018525,1.3927427489421011,1.1061670735703022,1.1734219755766488,1.1003475316465254,1.06,1.06,1.5459852783608703,7335453.313166559,1.155863548689643,1.06,1.0630314025278118,1.06,1.06,1.06,4.103611173395824,7335453.313166559,1.078205328550825,1.06,1.0761727765954257,1.06,1.06,1.06
+0*3*3*6*6*6+6+6,1.5095138497613727,0.9192949723366636,1.1960593115111091,0.8903554839799033,0.7704119814008887,28.536769619134184,0.3090909090909091,1.32258064516129,0.7094921298251948,46.455290364623956,1.563075753133401,1.0648354690743993,0.7094921298251948,218357506126.19345,1.2612497801920095,1.06,0.6797164901610534,0.2855073463196979,0.6129881291560986,0.1999234683172061,0.7107361763897991,2.278703369067088,1.3312835579228943,1.7194846506722252,1.1048383680247966,1.4749562101804423,0.3090909090909091,1.345087543796201,0.7107361763897991,3.8087046618544047,1.3819441682381137,1.1735563769025195,1.1646838568457571,1.1557063555705205,1.06,1.06,2.605285088029609,218357506126.19345,1.2455907925130392,1.06,1.1966698446842265,1.06,1.06,1.06,30.780243769520425,218357506126.19345,1.1702536959181813,1.06,1.1176194939081536,1.06,1.06,1.06
+0*1/4+0-0/4-3,1.50944664454831,1.046882071330261e-36,1.3365095877443163,0.0,119.74780082092792,15.844377470094964,0.189811320754717,0.9503311258278145,-0.012412798201135857,73.41575037457251,1.5104007898703138,1.06,-0.012412798201135857,73.41575037457251,1.337580380798114,1.06,0.7056889845454966,0.09620333306250949,0.65779710711541,0.0024281765702284597,0.11514617783937584,0.7776415498928423,1.384343297412653,1.0821937442235523,1.2785101099156961,1.0589722910174886,0.2552110038888089,1.0791383685823221,3.4701654053408224,73.41575037457251,1.2256233440648914,1.06,1.1301497026872334,1.06,0.189811320754717,1.06,0.36079802859819965,73.41575037457251,1.2712332704189477,1.06,1.1880534837886025,1.06,0.189811320754717,1.06,2.6012257085086903,73.41575037457251,1.1755243236370594,1.06,1.1187814036211392,1.06,0.189811320754717,1.06
+5*5*6*6*6-6-6,1.5088079178629328,1.5347023165317393,1.2147795297543809,1.0961598042925766,1.979614302202876,76.19134693377298,0.3090909090909091,0.7907692307692308,0.4817423458365347,20.619349054758413,1.5095039497460254,1.5657361211983396,9.496660058246354,55.71121511461275,1.29891580325907,1.154750691451266,0.6574980036870636,0.36950029343025786,0.5902855571133533,0.22626847434945305,9.496660058246354,12.834418109105227,1.3696482416016158,1.7061741167071218,1.2784506457919411,1.3739943913811887,1.06,1.2751857365273973,2.412037262905658,6.994440890106716,1.4762213293046766,1.3486511351004313,1.310272781225415,1.1429415540077947,1.06,0.7907692307692308,22.66451546720811,2863782506.0773807,1.1781701011293304,1.06,1.126103946059049,1.06,1.06,1.06,78.63286223500256,2863782506.0773807,1.1702536959181813,1.06,1.1176194939081536,1.06,1.06,1.06
+2*2*6+6+6-1-2,1.5087463668885475,0.9812523132859011,1.1951326661925858,0.9505397013675531,0.18374052406728866,7.0380023054479075,0.8828382838283828,1.165548098434005,0.12262718359476009,15.329640526069221,1.5087463668885475,1.0758310586019921,3.0022210676373886,15.329640526069221,1.295411785080034,1.0685229630965691,0.6033612688907846,0.35751181965781836,0.4859593381453982,0.2259356520714447,3.9716903548753724,1.384801433576477,1.3741436022523859,1.5174749087395185,1.2653131696839044,1.2859917772893816,1.06,1.3382217080820171,7.552249335643659,0.5558230999508247,1.2499104664826508,1.0851874196899476,1.199950406169998,1.0756181040173203,1.06,1.721505376344086,3.0022210676373886,13990.550194552738,1.3382097823598342,1.06,1.2542711580000152,1.06,1.06,1.06,8.773566616502363,13990.550194552738,1.164622758882237,1.06,1.1484281587469183,1.06,1.06,1.06
-2*3*5*5-0*0/4,1.508330953268852,1.0995909465019507,1.2368378812594836,1.0819135092010603,12.241743677866568,-0.0002704427701234272,0.189811320754717,1.042056074766355,-0.0002938246257567542,-2.5870238871512774e-05,1.508330953268852,1.1071176721954694,-0.0002938246257567542,-2.5870238871512774e-05,1.2368378812594836,1.0995728220184506,0.7194434122763571,0.5557100869586368,0.6914655283019385,0.5224871802927649,-2.0087372255501646e-06,-2.0499563615675234e-05,1.3330341357874977,1.1071176721954694,1.1679101944258754,1.0995728220184506,0.2552110038888089,1.06,-2.0087372255501646e-06,-2.5870238871512774e-05,1.3550363404165173,1.06,1.1764649492376995,1.06,0.189811320754717,1.06,-1.9976389514349194e-05,-2.300600432887801e-05,1.2387885820129463,1.086095339255201,1.116624250969625,1.0836700747584755,0.473028756104247,1.06,0.09707773099934211,-2.300600432887801e-05,1.213818112301229,1.086095339255201,1.125185462081384,1.0836700747584755,0.2552110038888089,1.06
+0*0*0*0*6*6+6+6,1.5075111414462474,1.289072756100484e-72,1.1929001601511116,0.0,0.7081086466889159,210.28780727202906,0.3090909090909091,1.32258064516129,0.7302497332617358,416687004753.1522,1.5610019829533752,1.06,0.7302497332617358,416687004753.1522,1.2577373743505105,1.06,0.6577522294402037,0.05147292346538497,0.6028414463150604,0.0013123153249533538,1.799259357551648,6.151285063381999,1.3463661611877416,1.3937608464737674,1.249645009403294,1.1855406912593507,1.06,1.1557557102579283,0.7302497332617358,10.8499794900358,1.4093340592262296,1.096618184960639,1.2572734759344641,1.08151158621096,1.06,1.454225370710258,1.450492489990277,416687004753.1522,1.218450678367475,1.06,1.1077658255065608,1.06,1.06,1.06,5.779783759378792,416687004753.1522,1.1771747737090563,1.06,1.1501561475827315,1.06,1.06,1.06
+4-0*1/4-1-3-5,1.5073496993745876,1.1678876728905216,1.3560855440949178,1.026955642463667,11.700487560630544,4.017677990895877,0.189811320754717,1.01006711409396,0.25395802080839935,4.483379294862544,1.5608816063359563,1.3291382017416566,0.25395802080839935,4.483379294862544,1.429579897515308,1.2368516314275178,0.7684081948316634,0.37010252752741235,0.7343176686285533,0.1469309599331211,0.2666916687001766,5.3020474116007525,1.4252583993518642,1.5726636301203782,1.3520311626393833,1.2931348728809595,0.6422611339320939,1.06,0.17414545154407524,4.483379294862544,1.2738270123804092,1.2708476074929385,1.2393261688504058,1.2164907680745018,0.6422611339320939,1.06,0.5108704677301774,5.3020474116007525,1.287027945932126,1.5726636301203782,1.1883625232479653,1.2931348728809595,0.189811320754717,1.06,0.5108704677301774,7.500788416635979,1.287027945932126,1.4182437688297813,1.1883625232479653,1.1817494605814818,0.189811320754717,1.06
+0*0+4*6+0-0/4,1.5057291254508143,0.9405708453514924,1.1949049553940907,0.877880898905249,132.04232668707763,88.10150763946943,0.189811320754717,1.48294930875576,2.8699340668710014,37424.34760488189,1.5591567358928082,1.06,8.229775752140156,37424.34760488189,1.2911425580487503,1.06,0.700433666632921,0.2843504693878993,0.6469878884273023,0.08802146382990643,7.493806505919368,16.293546536820845,1.4047574445970445,1.3360771235008484,1.2587050410368947,1.224850466095598,0.189811320754717,1.2485213824678572,10.394716551371424,37.63006966131665,1.2761238282514988,1.1100273399687257,1.1981019698789754,1.017457013782615,0.189811320754717,1.48294930875576,11.007870980119314,37424.34760488189,1.2633947327182211,1.06,1.1869277034024466,1.06,0.189811320754717,1.06,16.780298502862426,37424.34760488189,1.1903526138634717,1.06,1.135613220975315,1.06,0.189811320754717,1.06
+4-1*5/0-3*6-2,1.50485711189474,1.3409560110700427e-108,1.3575440695387073,0.0,2.3463273944262037,27.781552470369473,0.7033195020746887,5e-324,0.8746770310316064,3908.9888919911846,1.50485711189474,1.06,0.8746770310316064,3908.9888919911846,1.3575440695387073,1.06,0.7218111015152092,0.021602606931082614,0.6728024207815692,0.0008854859212587429,4.442601995307436,3908.9888919911846,1.2792244804828319,1.06,1.1518718069884222,1.06,1.06,1.06,4.941619359084518,10.398808620228259,1.3620055326564358,1.1063756106693494,1.2608956684955872,1.0620214048011196,1.06,1.0213412269725188,44.7792441611836,3908.9888919911846,1.0779502374157337,1.06,1.0759722096905169,1.06,1.06,1.06,44.7792441611836,3908.9888919911846,1.0779502374157337,1.06,1.0759722096905169,1.06,1.06,1.06
+0*2+6-2*5*5,1.5044943456751416,1.1437225124178774,1.3264152342237634,1.0649527437268234,0.18986085297757813,1.988997453016956,0.5457063711911357,1.002932551319648,0.2129869267213604,0.6403321506681511,1.5579913154110712,1.1902622787818362,0.2129869267213604,0.6403321506681511,1.3963026483034249,1.11439223699777,0.789984685218723,0.4448505106819483,0.7672335460944569,0.3529252377746628,0.2856214065591425,0.8207593046847448,1.4279828341684155,1.1969134924154619,1.2548714881010636,1.1168607543562847,1.06,1.1721559901167617,0.28554780147061143,0.4163305140871891,1.4364864301192255,1.1006835338327086,1.2952802534605279,1.076454863077068,1.06,1.002932551319648,0.48297942940255706,1.5021175979608374,1.187043647071394,1.0729628884254123,1.1549600000313052,1.071679086885308,1.06,1.162756598240469,0.5681881341948222,1.5021175979608374,1.1977325532898977,1.0729628884254123,1.1725885592271752,1.071679086885308,1.06,1.162756598240469
+4*6+0-1*1/4-6,1.5039589761336105,1.0042873731759325,1.1973546815199756,0.9904176872550936,11.865870540674,10.92446996390901,0.189811320754717,0.7907692307692308,3.0446820162180215,9.610576961069834,1.5730424894468966,1.0715368003497538,5.763441505871851,9.610576961069834,1.2911425580487503,1.0646399376390439,0.7005995874631916,0.4047921186473985,0.6487449357128962,0.30842840943475724,6.6853767222301705,5.611786298019976,1.4864721420456883,1.6006884854271848,1.297656218776391,1.340863296608945,0.189811320754717,1.5405421471126097,5.500589347350756,4.258841082416782,1.3847429990323052,1.431091284219928,1.2678428798886243,1.2759872700889197,0.189811320754717,1.1134929628705865,8.863878964664599,14634.409789868756,1.4205078961039288,1.06,1.249596944901838,1.06,0.189811320754717,1.06,13.442166922022965,14634.409789868756,1.3630863799364086,1.06,1.2107597980398652,1.06,1.06,1.06
+3*4*6*6*6-6-6,1.503219324652039,1.0204527972304458,1.2083378241942797,0.9625183901675911,1.1714378240374694,41.69476847486654,0.2820312499999999,0.7907692307692308,0.5110904445892217,10.599073825031544,1.5039127784474835,1.0679298235150612,4.171310453263144,17.232501055094552,1.2915535887698788,1.060294305618722,0.6495546390606038,0.3652786986250218,0.574827980617672,0.229375605169308,7.9839484521126405,2.0116787960533076,1.414804959984224,1.517700827048436,1.2846815544062617,1.3382943794822695,1.06,1.4014624628273311,7.758486035263951,1.1128265249849856,1.3847429990323052,1.1145514198496296,1.2678428798886243,1.098412735006114,1.06,0.9185634233316353,6.49457774437509,2949722703.63553,1.3703626135378415,1.06,1.2799279577718565,1.06,1.06,1.06,50.127047368992464,2949722703.63553,1.1702536959181813,1.06,1.1176194939081536,1.06,1.06,1.06
+0*2-2*3*4-0-0,1.5006048799898115,1.0271991322420135,1.2725081362209625,1.0057929069782439,-0.0009085041800410733,-0.018900260286287614,0.1836569579288026,1.042056074766355,-0.010878375121604791,-0.001995100769624882,1.5006048799898115,1.0612061231171894,-0.010878375121604791,-0.001995100769624882,1.2725081362209625,1.0612006481204002,0.8016721448690113,0.41431389803068575,0.7901911668114574,0.32132984536108317,-0.0014051181698926027,-0.0010564362937748144,1.2091875011750048,1.0612061231171894,1.099108275073136,1.0612006481204002,0.5918284789644013,1.06,-0.0014051181698926027,-0.001995100769624882,1.2660730942865934,1.06,1.1595760217132698,1.06,0.5918284789644013,1.06,-0.0008039399495873515,-0.0010564362937748144,1.1594154222549395,1.0612061231171894,1.1317848462782287,1.0612006481204002,1.06,1.06,-0.0006256818236491646,-0.0010564362937748144,1.1667663377397226,1.0612061231171894,1.1398531997099914,1.0612006481204002,1.06,1.06
+0*2-0*5/4-2*4,1.4946888768472149,1.6004148658005835e-36,1.2347235349480343,0.0,0.3455013343661405,0.4067606681908914,0.3206106870229008,1.002932551319648,-0.0019293291950446868,0.2273963635376215,1.4946888768472149,1.0776610646692013,-0.0019293291950446868,0.2273963635376215,1.2347235349480343,1.0765291443696414,0.739926127057445,0.10070793498154551,0.7113687485233448,0.002517435423295274,-0.0006151278412729916,0.00515539469781837,1.3704195128418668,1.6456738684949952,1.1970868153115455,1.1004860185056016,0.3033258544443911,1.002932551319648,-0.0006151278412729916,0.00515539469781837,1.2997358681583915,1.7386954257021003,1.1967566786103767,1.1057652676908118,0.29468343815513626,1.002932551319648,-0.0010066549591019366,0.023558042997539483,1.2936889514906609,1.0729628884254123,1.1875366015626774,1.071679086885308,0.3033258544443911,1.002932551319648,0.006825831433433127,0.023558042997539483,1.312455394460386,1.0729628884254123,1.203153638003544,1.071679086885308,0.3206106870229008,1.002932551319648
+0*0*0+6-5*5,1.4910914232793662,1.1003636127307561e-36,1.3010116924885875,0.0,0.1203443531441105,401.8367265255753,0.4054054054054054,1.48294930875576,0.06964475540965445,3301811.403781262,1.4910914232793662,1.06,0.06964475540965445,3301811.403781262,1.3010116924885875,1.06,0.7201256216027161,0.11781304009848172,0.6689937192484154,0.0025632527959913473,0.3336373990092356,4.106063239367752,1.3937474642813925,1.4465189931803444,1.2491442772894832,1.0956547261329455,1.06,1.0953683440732083,0.16276948380883194,4.106063239367752,1.3974752077171673,1.427189670623685,1.240506875897212,0.9467357235174114,1.06,1.0448837835110496,0.5680278332069011,3301811.403781262,1.165323677077557,1.06,1.125737681167091,1.06,1.06,1.06,1.4769177766688393,3301811.403781262,1.0736273494503088,1.06,1.0724672067247396,1.06,1.06,1.06
+3+5-1*1*1*5/2,1.4910793485513065,1.4378792218663149e-36,1.3156714833290797,0.0,11.747326745018047,23.96223041624907,0.616111111111111,1.469072164948454,10.307433231551878,40.676966926200016,1.563388279334427,1.0912208385223414,10.307433231551878,40.676966926200016,1.4186555872662896,1.087788714550239,0.6965384203006958,0.23873641418523056,0.4790782718718512,0.002711727045868107,14.970091352663433,17.873722074650132,1.4370350843177233,1.202910872840233,1.3611439469962279,1.1380179451331374,1.06,1.469072164948454,19.535985608733906,17.351319550089833,1.3200363444390564,1.2476397300189712,1.2533020451290569,1.1055485546675146,1.06,1.06,21.26582846967015,72.67410510446969,1.359226389070034,1.0912208385223414,1.2660075152216408,1.087788714550239,1.06,1.06,21.26582846967015,72.67410510446969,1.359226389070034,1.0912208385223414,1.2660075152216408,1.087788714550239,1.06,1.06
+3*3*6*6*6-6,1.4894280833977005,1.035698858661551,1.1891404761675144,0.9785058704845858,0.466725286385294,21.248189139845202,0.2820312499999999,0.7907692307692308,0.09987399544197527,5.116251861013382,1.4894280833977005,1.0672806230023397,1.1567311783058023,5.116251861013382,1.2734528282067512,1.060294305618722,0.6161797976316157,0.39153649337341523,0.5466032726904397,0.23846465883198814,0.6082693450640049,0.7355651395493121,1.3758526322975344,1.6751323588720917,1.151236282155704,1.4649147490429644,1.06,1.3645508368792183,0.20340050649333158,0.5477591969027358,1.3685021605900098,1.1156111451046093,1.212407261303489,1.1064329410942528,1.0164184904527227,0.7907692307692308,3.601921208079978,1448342997.3187797,1.3593844811091766,1.06,1.258907403415385,1.06,1.06,1.06,18.28653519836417,1448342997.3187797,1.1702536959181813,1.06,1.1176194939081536,1.06,1.06,1.06
+4-1*1*1/0/4-1,1.4872987559135482,1.2590469191887532e-36,1.2766444696794572,0.0,15.22519349753184,24.092100043863162,0.3206106870229008,1.258196721311475,18.214166149771618,356.4512738987463,1.560180442240431,1.070038553076081,18.214166149771618,356.4512738987463,1.3777406775013898,1.0696666168336073,0.7404005637006412,0.21118814029327682,0.6962984943630586,0.002669751905782907,26.836131377025225,25.56785146924778,1.329853682425471,1.4828055152677326,1.2079336008976396,1.2841589974756067,1.06,1.06,23.255862320691083,20.210735895808504,1.3767289710072275,1.401880429886944,1.2480410093119494,1.29819480783728,1.06,1.258196721311475,33.503703614860235,356.4512738987463,1.2735679739608827,1.070038553076081,1.1679356582689366,1.0696666168336073,1.06,1.06,33.503703614860235,356.4512738987463,1.2735679739608827,1.070038553076081,1.1679356582689366,1.0696666168336073,1.06,1.06
+6-6*6/4-0-2-2,1.4862488103123217,1.455971395049833e-36,1.1960280695109018,0.0,6.333681277327299,0.14012605104351178,0.189811320754717,0.9880613362541073,0.05227243173884241,0.05013041877280755,1.5894937201663837,1.2456910058567527,0.07093648240095063,0.05013041877280755,1.3371776332495688,1.1737641023666392,0.6810753348187774,0.22021328637578577,0.6300981296040215,0.0025070910285339178,0.06025447802973091,0.06077462461472333,1.6241817437589143,1.2389821156710816,1.3839350548609948,1.166952807888185,0.4304380677847659,1.0111875308721516,0.07006177240403226,0.09194232301501248,1.368232917350161,1.2373130226649773,1.239040497916612,1.1632146906684457,0.189811320754717,1.0111875308721516,0.10553028210056081,0.09194232301501248,1.4280454732795713,1.2162303519715567,1.2643615572472007,1.1507643980710491,0.189811320754717,1.0111875308721516,0.1294473619850745,0.09194232301501248,1.4153743346032805,1.2162303519715567,1.269553522503351,1.1507643980710491,0.189811320754717,1.0111875308721516
-2*2*4*4-0*0/4,1.4851704732283262,1.1265260128829206,1.2194804648323188,1.1090675345008052,12.241743677866568,-0.00026596051822962597,0.189811320754717,1.042056074766355,-0.00020857429247072204,-9.893917540649584e-05,1.4851704732283262,1.1697565381189525,-0.00020857429247072204,-9.893917540649584e-05,1.2194804648323188,1.1574992408723073,0.6940505347565255,0.5897120848079552,0.6587058571421494,0.5486415918285346,-7.821693018627994e-07,-2.0499476379818664e-05,1.3330341357874977,1.1071176721954694,1.1679101944258754,1.0995728220184506,0.2552110038888089,1.06,-8.645907432055147e-07,-8.948652031685845e-05,1.3550363404165173,1.0927605914357303,1.1764649492376995,1.090371443612048,0.189811320754717,1.06,-1.6945592423060343e-06,-2.251382474224635e-05,1.2756459019019253,1.086095339255201,1.1510849154522422,1.0836700747584755,0.2552110038888089,1.06,0.1013967070054063,-2.251382474224635e-05,1.213818112301229,1.086095339255201,1.125185462081384,1.0836700747584755,0.2552110038888089,1.06
+2*5*6+6/5-2-4,1.4844977774289057,1.139160900035375,1.2253473765729603,1.0330152438390032,2.9041457286593397,2949.6762968156545,0.8728448275862069,1.118243243243243,2.4312641002480486,7.635072337781852,1.4844977774289057,1.139160900035375,2.4312641002480486,223093.8989797843,1.2253473765729603,1.06,0.6766380608212545,0.35356511407122004,0.6062060564280847,0.20715573492055772,6.922588581936142,6.325653464503548,1.3441813720637246,1.4655133454319471,1.138063400735665,1.218037861153603,1.06,1.1430326056633011,2.9258260954428597,4.678650897400142,1.36609816887331,1.27454175407649,1.2210356567997072,1.19565467984359,1.06,0.779180941965373,13.634730542315259,223093.8989797843,1.1541686443531811,1.06,1.0646854096039209,1.06,1.06,1.06,248.70898731374288,223093.8989797843,1.06,1.06,1.0599999999999998,1.06,1.06,1.06
+3*4/2+5*5-4/2,1.4828623575038726,1.4623518006156036e-72,1.2702399193059257,0.0,571.7347557083655,4103.338742781836,0.6141732283464567,0.8850277264325324,109.40046704626384,130787.16693063705,1.534827790853955,1.06,109.40046704626384,130787.16693063705,1.4048136622003982,1.06,0.7620309626189485,0.07960889148189182,0.7216964997642618,0.0012969820095516595,3581.932019861134,1022.6278838579149,1.3253898763687748,1.1518901061594582,1.2551001884958461,1.089981276962269,1.06,1.0754426150110354,3581.932019861134,835.240886075587,1.280431591559748,1.0970622312538214,1.2188933683537355,1.076249071142678,1.06,1.1292546484620536,2787.189751829111,130787.16693063705,1.2840548806585055,1.06,1.232908525077553,1.06,1.06,1.06,2418.6820237587167,130787.16693063705,1.274211273287717,1.06,1.2271282697116015,1.06,1.06,1.06
+3*5/2+5*5-5/2,1.4828623575038726,1.4623518006156036e-72,1.2702399193059257,0.0,567.7525554673022,2861.6777694292214,0.6141732283464567,0.8850277264325324,109.22584767600931,129004.16634027816,1.534827790853955,1.06,109.22584767600931,129004.16634027816,1.4048136622003982,1.06,0.7620309626189485,0.07960889148189182,0.7216964997642618,0.0012969820095516595,3783.876874281157,1161.2145845409184,1.3253898763687748,1.1385869664070818,1.2551001884958461,1.07337883705857,1.06,0.9524073183152006,3783.876874281157,784.8643436691927,1.280431591559748,1.1047823452384167,1.2188933683537355,1.0833663443845813,1.06,1.060805293131201,2777.872973102808,129004.16634027816,1.2840548806585055,1.06,1.232908525077553,1.06,1.06,1.06,2408.6291346590806,129004.16634027816,1.274211273287717,1.06,1.2271282697116015,1.06,1.06,1.06
+4-3*3/4-1/4-1,1.4816043524880724,1.220761234113799e-36,1.265778995161135,0.0,216.2579995699774,24.44203923723491,0.189811320754717,1.258196721311475,17.669004887110145,260.09361170062255,1.5730464373690778,1.070038553076081,17.669004887110145,260.09361170062255,1.3933041746839676,1.0696666168336073,0.7168498273452526,0.2085878860187082,0.6738538773097245,0.0026697526765151205,29.947721185850497,21.180014521857373,1.3710007851184565,1.50966325626338,1.2362692996197076,1.3808347692470129,0.189811320754717,1.258196721311475,36.252381016693654,21.180014521857373,1.2671720588861897,1.3804329342233335,1.156364630328649,1.2973109188503686,0.189811320754717,1.258196721311475,30.77007515610144,260.09361170062255,1.308870383752754,1.070038553076081,1.1949518936505172,1.0696666168336073,0.189811320754717,1.06,126.82557068468694,260.09361170062255,1.213818112301229,1.070038553076081,1.125185462081384,1.0696666168336073,0.189811320754717,1.06
+4*4*6*6*6-6-6,1.4814902323659487,1.4970628555185064,1.1850361732924122,1.069206649476401,2.395710388716717,83.03103581446676,0.3090909090909091,0.7907692307692308,0.5237855925095051,22.60956413643264,1.482173662260509,1.5657361211983396,0.5237855925095051,92.08797498491934,1.2016258866347942,1.1538777609335196,0.6167995035496846,0.35381505332791946,0.5377133624496465,0.22330654136956693,2.674820119582739,15.481303755819642,1.3456829515453796,1.631963084043747,1.1614000882578026,1.3365785150966312,1.06,1.5430262870636446,2.329578192053148,7.733755367968181,1.4144225767520593,1.3960688663927059,1.2736195819475653,1.1894421094868273,1.06,0.7907692307692308,34.160946792505655,6007461027.297863,1.1453428237882977,1.06,1.1069679847733747,1.06,1.06,1.06,138.62636635016392,6007461027.297863,1.1702536959181813,1.06,1.1176194939081536,1.06,1.06,1.06
+1*3*6*6*6+6*6,1.481352488286648,1.0919489758147214,1.1743178461691417,1.0551739685834796,0.3046589173505413,57.073717764517745,0.2820312499999999,1.469072164948454,0.12568854191498785,2.292198218025137,1.5339151453633395,1.1305254271448406,0.12568854191498785,2.292198218025137,1.2370976457167215,1.0997913306675366,0.6588920242169565,0.4616179186233575,0.586187002956412,0.3348266195343634,0.3284395041007659,1.5070619157228162,1.2612872645941242,1.5276805896887367,1.0583955177482849,1.3271541088892687,1.06,1.2939851937027964,0.13434923583649278,1.1068711848912052,1.3063447512981305,1.101834818377603,1.2003219003012824,1.0965005813869335,1.06,1.06,4.971295711561626,739057363.2299287,1.2179455601994482,1.06,1.1496584290369585,1.06,1.06,1.06,7.655119059034274,739057363.2299287,1.1702536959181813,1.06,1.1176194939081536,1.06,1.06,1.06
+5*5/4+0-1/4-1,1.4735235535325073,1.392877746160951e-72,1.2780484053105727,0.0,129.7595223199457,34.448848017391754,0.189811320754717,1.469072164948454,18.410698749360556,201400.59507152808,1.5644669053322011,1.06,18.410698749360556,201400.59507152808,1.4081849006432599,1.06,0.7440836745891559,0.06435819901459276,0.7178330410020406,0.0013193318288671776,38.787143955908554,15.947261727301079,1.3780669277265407,1.354507635790699,1.2542470396417669,1.2674359389299812,0.189811320754717,1.3775900571029616,39.532087247512,15.947261727301079,1.2951549233247253,1.3047393848595608,1.1834691298756872,1.2509542551219393,0.189811320754717,1.258196721311475,33.94858337955969,201400.59507152808,1.3591213082433191,1.06,1.2420348631012423,1.06,0.189811320754717,1.06,33.94858337955969,201400.59507152808,1.3591213082433191,1.06,1.2420348631012423,1.06,0.189811320754717,1.06
+0*3*3/1+2*5/1+3,1.4700525635768937,1.0236509311693716,1.3787368630272925,0.9752500744262171,47.061030130691265,78793.78970141141,0.9015927189988624,1.125,15.827903582855068,74607.6892722635,1.4700525635768937,1.0912208385223414,80.75718505718635,74607.6892722635,1.3826156940976713,1.087788714550239,0.7618251378520228,0.36348840404121513,0.713986451579727,0.26996920541264013,166.55961493534642,74607.6892722635,1.2437603900441994,1.0912208385223414,1.1882847279801132,1.087788714550239,1.06,1.125,70.12742902883222,35734.787487836315,1.315634088510398,1.06,1.2867133767001633,1.06,1.06,1.125,166.55961493534642,74607.6892722635,1.2437603900441994,1.0912208385223414,1.1882847279801132,1.087788714550239,1.06,1.125,166.55961493534642,74607.6892722635,1.2437603900441994,1.0912208385223414,1.1882847279801132,1.087788714550239,1.06,1.125
+1*4*6*6*6+6+6,1.4693252222884532,1.8129534569564238,1.1593539468459289,1.3343174016755883,1.1237850619500653,17.195151595084607,0.3090909090909091,0.7907692307692308,0.6939044244149264,5.171575441022246,1.52146111729249,1.8197315487605814,7.598237843036174,5.171575441022246,1.2270710142052654,1.3577555124048148,0.6345044407328755,0.5784319716764128,0.5604990496095636,0.3935719371178305,0.7033169556581056,4.2696362204995,1.2856045281472768,1.6890116800550663,1.0717630810991419,1.3839112837852587,0.3090909090909091,1.494873794395023,0.7033169556581056,6.489125542145983,1.4042110408528612,1.2041887719343694,1.2366524811214783,1.1520975860609306,1.06,1.2593874336494333,5.6363451971260075,1505176598.4201558,1.2710375988676466,1.06,1.2053047780090191,1.06,1.06,1.06,20.542072863454848,1505176598.4201558,1.1903526138634717,1.06,1.135613220975315,1.06,1.06,1.06
+1*5*6*6*6+6+6,1.4693252222884532,1.5779632160821842,1.1593539468459289,1.1855780594424294,1.0948843703271065,16.53274691112194,0.3090909090909091,0.7907692307692308,0.677204730027509,6.290006559969852,1.52146111729249,1.6246990152919933,0.677204730027509,6.290006559969852,1.2205023244938535,1.2444862027597343,0.6345044407328755,0.5098676569506458,0.5604990496095636,0.3601249412918078,0.677204730027509,4.544310838062565,1.2927021845869946,1.7091963021462346,1.101881593220506,1.4020609073374368,0.3090909090909091,1.2149951206916203,0.677204730027509,4.973993119744201,1.3742027269850272,1.139592263023442,1.198962480257023,1.121642799955861,1.06,1.2149951206916203,4.495664018629884,1039230781.9346969,1.2710375988676466,1.06,1.2053047780090191,1.06,1.06,1.06,15.942860723191082,1039230781.9346969,1.1903526138634717,1.06,1.135613220975315,1.06,1.06,1.06
+4-3/4-4/3-2-3,1.4626797408766206,1.2941028370614594e-36,1.2228696949178746,0.0,350.66628949636436,15.471881188767192,0.189811320754717,1.353463587921847,0.5860555193957957,235.87060865118158,1.5642319314120554,1.070038553076081,0.5860555193957957,235.87060865118158,1.3895918253535002,1.0696666168336073,0.7280517545967389,0.2155973532769352,0.6895994864664786,0.002669686753344908,14.507586209640497,12.202526914957355,1.4443580138503125,1.3756623423679515,1.311284756569101,1.2406313775438758,0.189811320754717,1.2817541618571269,14.907625184077014,12.202526914957355,1.23359979911002,1.2946731733626913,1.1932568650976594,1.1884994154077375,0.189811320754717,1.2756654186422192,19.093381141456433,235.87060865118158,1.3840363067861297,1.070038553076081,1.2439683308935565,1.0696666168336073,0.189811320754717,1.06,125.7622646606623,235.87060865118158,1.06,1.070038553076081,1.0599999999999998,1.0696666168336073,0.189811320754717,1.06
+2*5*6+6+6-2-5,1.4609267643323076,1.0048516938599086,1.1571874164974352,0.9888795115332898,0.15389346502099846,31.049350782244925,0.3432098765432098,0.7907692307692308,0.07575931737513888,8.11037798653117,1.4609267643323076,1.091285561758961,3.611894730709155,8.11037798653117,1.2382370067252664,1.082949396824825,0.5654486726173923,0.4188542366259746,0.4506501426700429,0.3195806190512594,0.6805976334992683,43.86162478548925,1.391244108167366,1.4639074569386452,1.183471739736918,1.2184175170813654,1.06,1.06,0.49090698392621057,9.634317305052782,1.4425785939346216,1.0945371793092427,1.3028067488164,1.091161033552231,1.06,1.702578859988932,3.611894730709155,223309.15311349777,1.2703265475695973,1.06,1.2164733924776276,1.06,1.06,1.06,71.26055413818034,223309.15311349777,1.1404988689010223,1.06,1.1265443858736282,1.06,1.06,1.06
+2*6+6+6+6+6+6,1.4549974595094013,1.2195251698587821,1.150067124349329,1.058485007173616,2.122676472870005,8.165401099695195,0.3090909090909091,1.32258064516129,1.8291138776135014,3.1202125411094936,1.4549974595094013,1.2626086420748823,4.308405302544248,5.844041479424237,1.1532045001326514,1.134875373557194,0.626958104904801,0.3664482315973171,0.5523219721758058,0.22563383739802303,1.795037848864208,3.3808349116143517,1.2578190992985583,1.5873027509056683,1.025377069710798,1.330575374458898,0.3090909090909091,1.3345276622542126,3.2448155289515053,5.800386163678924,1.3908378232126428,1.1769380970352787,1.2678648134657773,1.1214787575387881,1.06,1.06,4.407972120195048,774.4445456552702,1.2181782669883927,1.06,1.1402444584441453,1.06,1.06,1.06,7.023928462684442,774.4445456552702,1.1702536959181813,1.06,1.1176194939081536,1.06,1.06,1.06
+4-0*3/4/5-3-5,1.454210093742716,1.1678876728905216,1.2700051888594668,1.026955642463667,50.1136519010516,4.0151169832028595,0.3206106870229008,1.01006711409396,0.3490414237306474,4.98726544164767,1.5348452013956406,1.3291382017416566,0.3490414237306474,4.98726544164767,1.374736250229858,1.2368516314275178,0.6547165691444431,0.37010252752741235,0.46896293722155685,0.1469309599331211,0.48339867448026475,6.432075450720273,1.545024226296451,1.5726636301203782,1.3923564238014396,1.2931348728809595,0.7076608170661859,1.06,0.3490414237306474,4.98726544164767,1.3209449519570922,1.35284462282791,1.2655127050780985,1.248074643207654,1.06,1.06,1.3592688457638518,5.812194660637114,1.2256106037318797,1.529244515928121,1.135883663580987,1.28785068680387,0.3206106870229008,1.06,1.3592688457638518,7.470372650266251,1.2256106037318797,1.4182437688297813,1.135883663580987,1.1817494605814818,0.3206106870229008,1.06
+5*5/4-1/4-1,1.4533870174931003,1.1158106585958123e-36,1.2669599761524024,0.0,129.6667403550412,34.02730517391235,0.189811320754717,1.469072164948454,17.667484531944726,201400.23872189698,1.5430875767519698,1.06,17.667484531944726,201400.23872189698,1.3947352412656826,1.06,0.731141801759086,0.13520910371532713,0.703754667978228,0.002635122632721711,38.32960672505641,18.405038029863327,1.3780669277265407,1.4556915304597948,1.2542470396417669,1.315557348179745,0.189811320754717,1.3636344431299645,39.39292322099782,18.405038029863327,1.2951549233247253,1.4045060663247901,1.1834691298756872,1.301930978341166,0.189811320754717,1.258196721311475,32.3130377031563,201400.23872189698,1.3591213082433191,1.06,1.2420348631012423,1.06,0.189811320754717,1.06,32.3130377031563,201400.23872189698,1.3591213082433191,1.06,1.2420348631012423,1.06,0.189811320754717,1.06
+0*0*1/5-2/1-0,1.4519651726579939,1.0432578863074662e-36,1.236363432122443,0.0,1.4465919084549563,48.40847273357879,0.3432098765432098,1.118243243243243,-0.04413152118598167,8097.379407945566,1.5314079477163856,1.06,-0.0018624121391417798,8097.379407945566,1.3937849408479805,1.06,0.7112166345734299,0.10336067632356656,0.662144297146147,0.0024679219970587586,-0.0017255072048305894,0.9996052635726136,1.4077573902561382,1.1318871580246337,1.209943481326205,1.062664347844207,0.5071373456790123,1.0953538837580008,-0.03286846348942557,0.9996052635726136,1.2832353261547171,1.1020674005323463,1.220432214129166,1.05395482069899,0.529183367144161,1.054649351887924,0.15233149002798846,8097.379407945566,1.2333071091964254,1.06,1.202240725031335,1.06,0.3432098765432098,1.06,1.00404127770559,8097.379407945566,1.1471708719960048,1.06,1.1318131336526662,1.06,0.3432098765432098,1.06
+4*4/5-4/5-3-4,1.4449322985809034,0.878765826576631,1.2555881850644255,0.8130698713619807,1.820793351851013,48.06421244532703,0.3206106870229008,1.238683127572016,-0.7653393896491254,80.85424191408636,1.5348452013956406,1.070038553076081,-0.7653393896491254,80.85424191408636,1.374736250229858,1.0696666168336073,0.6526075720999311,0.1836860758909619,0.468145740651596,0.10574327815837282,-0.48366608000110833,12.754976365573253,1.504501803520713,1.2294531449869022,1.3537001264687747,1.0510525625057054,0.7076608170661859,1.1243751208329882,-0.7428820200643909,11.053662856059859,1.3578539499810025,1.110964531213216,1.2978589814607426,1.0355559067366769,1.094710947109471,1.1243751208329882,2.5964708018552285,80.85424191408636,1.06,1.06638848074763,1.0599999999999998,1.0662366258306044,1.06,1.06,2.5964708018552285,80.85424191408636,1.06,1.06638848074763,1.0599999999999998,1.0662366258306044,1.06,1.06
-0*0*5/3-0*2*3,1.4447951984932654,1.1109847886117856,1.2107725855336415,1.103477490497144,0.0,1.7976931348623157e+308,0.189811320754717,1.06,-5.752885572531523e-05,0.027214880398405177,1.4447951984932654,1.1109847886117856,-5.752885572531523e-05,0.027214880398405177,1.2107725855336415,1.103477490497144,0.714926780918518,0.5728747317960498,0.6842299487287031,0.5566148340164582,-1.6108489927555164e-07,0.059904532235088626,1.2942781041327767,1.107199004590457,1.1368380313066648,1.099629456835759,0.189811320754717,1.06,-1.6108489927555164e-07,0.059904532235088626,1.3629251598974572,1.1132447721551704,1.2067330837195567,1.1047924669041136,1.06,1.06,-4.7312491565106667e-07,0.0,1.2622176101680116,1.0861702145145107,1.1358163811150206,1.0843725373492805,0.189811320754717,1.06,-1.1188136536235978e-07,0.059904532235088626,1.1949079732424015,1.107199004590457,1.122422013300366,1.099629456835759,0.189811320754717,1.06
+2*5-1*2*5-5/2,1.4445778273409824,1.1735187480977811,1.2141297021041335,1.1528046103400031,1.291788243803948,42.59502192043885,0.9439461883408072,1.165548098434005,-0.2398752253644962,38.25025782292511,1.5000257754134065,1.1735187480977811,-0.2398752253644962,38.25025782292511,1.2888695681038993,1.1528046103400031,0.5957463225696724,0.5649942812134835,0.35394895064065873,0.40282963435364816,3.840966940078113,39.17835376506994,1.3542101384339078,1.1478919327079535,1.1899774510368095,1.1374199651207966,1.06,1.165548098434005,3.435094923842715,20.252162382885892,1.3845483531714706,1.1996125184681474,1.247329247661216,1.180897472550061,1.06,1.2540384170330945,10.581042379894832,42.58749811842906,1.1459374669776696,1.1286998161557267,1.1216911725331553,1.1167455153286803,1.06,1.165548098434005,17.800272559085702,55.212984367002555,1.06,1.1125221589650365,1.0599999999999998,1.1081686444925212,1.06,1.06
+1-1*2*3/0-1*1,1.4441896344870657,1.1083448441912545,1.186587971475407,1.0742890394175078,0.2401076638374761,0.24983996087228677,0.6891304347826087,1.518650088809947,0.19344761837425872,0.24961686960876597,1.5602755320709745,1.183666080828014,0.19344761837425872,0.24961686960876597,1.3474361308254155,1.168627186921108,0.6624505780340296,0.49527255662060105,0.620412580959606,0.3756279682247345,0.24885144155407246,0.2477402186568597,1.4919992636825747,1.2398624235520428,1.2966697426256988,1.1957502672144016,1.06,0.9828591550702483,0.2030806341963288,0.24558077011574203,1.2672621191501938,1.213983710886591,1.202637626428202,1.1802686721116733,0.7277242689637279,1.095960540849253,0.24877058265572677,0.24993517474582033,1.4773623036906856,1.1007479593302112,1.2800327988769793,1.095024466198755,1.06,1.06,0.24961964386715552,0.24993517474582033,1.0797414655745308,1.1007479593302112,1.0772082114310448,1.095024466198755,1.06,1.06
+0*2+1-1*1-2-2,1.4424733304907826,1.2361924599482548e-36,1.2129540337987241,0.0,0.23741386972413694,2.4543499301561345,0.6891304347826087,1.702020202020202,0.19307386463821818,1.844134347415932,1.5137422121601276,1.1385136463428258,0.19307386463821818,1.844134347415932,1.3006608834937083,1.1279281589061594,0.6926464487160174,0.1761044276958866,0.6634278926369765,0.002615986022856138,0.24897691252382653,1.844134347415932,1.442498316163718,1.2872111172300886,1.251868943483744,1.216269656390285,1.06,1.702020202020202,0.21150593537640378,1.844134347415932,1.2703196533042305,1.1366114643152576,1.2180422838689622,1.1247700489255161,0.7277242689637279,1.702020202020202,0.24877058265572677,1.844134347415932,1.4222051513311726,1.2872111172300886,1.2299687038708131,1.216269656390285,1.06,1.702020202020202,0.6593161474503293,1.844134347415932,1.06,1.2872111172300886,1.0599999999999998,1.216269656390285,1.06,1.702020202020202
+1-1*1*2/3-1*1,1.4412439938407964,1.1551069324770782,1.1854071173689589,1.1194303239627763,0.24223183087314576,0.24983996087228677,0.255578093306288,1.518650088809947,0.24885144155407246,0.24961686960876597,1.4919992636825747,1.183666080828014,0.24885144155407246,0.24961686960876597,1.2966697426256988,1.168627186921108,0.6660710513640211,0.53012179494981,0.6206790473020423,0.3901642523818842,0.24885144155407246,0.24744542681911624,1.4919992636825747,1.1553756180220258,1.2966697426256988,1.12722497272984,1.06,1.0224197500093692,0.24877058265572677,0.24993517474582033,1.2496971823452292,1.1059503794457037,1.171589878563366,1.099565941452257,1.06,1.06,0.24877058265572677,0.24993517474582033,1.4773623036906856,1.1007479593302112,1.2800327988769793,1.095024466198755,1.06,1.06,0.2496569909673776,0.24993517474582033,1.1104090861084384,1.1007479593302112,1.1028373793331228,1.095024466198755,1.06,1.06
+1-1*1*2-1*1-2,1.432966924725642,1.1083448441912545,1.2018401198159954,1.0742890394175078,0.23854915771889718,0.24983996087228677,0.6891304347826087,1.518650088809947,0.2040079665252022,0.24961686960876597,1.5290210382808087,1.183666080828014,0.2040079665252022,0.24961686960876597,1.3181922001904822,1.168627186921108,0.6855647711580777,0.49527255662060105,0.6572588799320624,0.3756279682247345,0.24885144155407246,0.24418093823570997,1.450792767961395,1.1542296336318416,1.261383936293179,1.1313627336296181,1.06,1.0911535757060955,0.20388914145801135,0.24993517474582033,1.2773613307069078,1.1059503794457037,1.2200729986498806,1.099565941452257,0.6829883236740154,1.06,0.24877058265572677,0.24993517474582033,1.4365600560438565,1.1007479593302112,1.2456346438322445,1.095024466198755,1.06,1.06,0.2491227068759386,0.24993517474582033,1.2724159537737978,1.1007479593302112,1.1859099917336098,1.095024466198755,1.06,1.06
+3*5*5/1+5*5*5/3,1.4317899751224274,9.912815075920308e-37,1.340747069224835,0.0,2493.789599359363,115664.7073901855,0.616111111111111,1.125,2103.546308269974,294227197.22630364,1.4868337043257935,1.06,2103.546308269974,294227197.22630364,1.4259933796104638,1.06,0.783734791769444,0.08927129999939726,0.7611950969081254,0.002612585285413102,7627.4867551173065,8996.055977831216,1.3031990267345583,1.207619367673497,1.2637714983674952,1.1262189409183692,1.06,1.1493698106763997,7627.4867551173065,13987.723421623159,1.3524758269022676,1.08990493436111,1.30499934914534,1.0639992250094323,1.06,1.06,10229.392786491502,294227197.22630364,1.162285205030794,1.06,1.1457956891200127,1.06,1.06,1.06,16388.29234312559,294227197.22630364,1.1081056598417611,1.06,1.0989079036729401,1.06,1.06,1.06
+0*3+2-2*3*3,1.4273374005434596,1.0903363064077145e-36,1.2895742432477484,0.0,1.0840354457711097,68.74503318336261,0.3995555555555555,1.48294930875576,1.3362221566907704,42.80473681368857,1.434685360557762,1.06,1.3362221566907704,42.80473681368857,1.316455641751523,1.06,0.7351410473331987,0.11704588956681028,0.6776905437882713,0.0024779588488540736,1.3868810365519326,4.26152874282812,1.4231687891267304,1.065706151584461,1.328515857117496,1.0252835445977768,1.06,1.2146263855378365,1.4827019503251841,25.96757068125535,1.2966837257240182,1.0747616439313534,1.2228993074279124,1.0658309083812334,1.06,1.06,1.6704513838056085,42.80473681368857,1.1985353068009192,1.06,1.1504586035577942,1.06,1.06,1.48294930875576,2.3569163183523565,42.80473681368857,1.0903156633657252,1.06,1.087619857350139,1.06,1.06,1.48294930875576
+4+5-4*5-5/4-2,1.424178497362864,1.2658463802219584e-36,1.2729717512997931,0.0,0.2865991971526366,2.5289187618746287,0.9774436090225564,1.238683127572016,0.2917257678244053,2.1696558574480695,1.4281062387808134,1.1245921057870432,0.2917257678244053,2.1696558574480695,1.2814992508429377,1.1086036578683292,0.6509683463929988,0.16822624151830054,0.4640581428745473,0.002574905744555189,0.2917257678244053,1.2647335025039457,1.326094564285915,1.53095354887873,1.2576657959671513,1.1492736534949342,1.06,1.1022275721788584,0.26091490613122514,1.240994771284709,1.2861777917336197,1.4101228174061744,1.2298037560357284,1.0001222916858454,0.9774436090225564,1.0690972300877155,0.8575554749746672,2.1696558574480695,1.226670737060487,1.141729560149142,1.1369439092411187,1.1259490120125712,1.06,1.238683127572016,0.8575554749746672,2.1696558574480695,1.226670737060487,1.141729560149142,1.1369439092411187,1.1259490120125712,1.06,1.238683127572016
+1*6*6*6+6*6*6,1.422833273124861,2.203356020883793,1.109970651893539,1.4289438686569786,0.09401359422149125,4.465891496796012,0.3090909090909091,1.32258064516129,0.04812401121907524,0.42921944580234184,1.4733194997346188,2.3084010125405423,0.04812401121907524,0.42921944580234184,1.1658950390642482,1.5420887764993823,0.5870994031775035,0.5838711450138364,0.4466757647618672,0.3933097555703533,0.06916653125543545,0.824802787430339,1.2934085836745912,1.7193528868101957,1.0714678968962423,1.328263901368257,0.3090909090909091,1.013185953831115,0.06109867691094779,0.824802787430339,1.4116019534936037,1.4602206249825884,1.2272969278271815,1.231365643908129,1.06,1.013185953831115,1.0046400373938376,2961971.286084343,1.1752653583649955,1.06,1.1356062005696934,1.06,1.06,1.06,1.761655696338781,2961971.286084343,1.133367104238757,1.06,1.106744305943988,1.06,1.06,1.06
+0*0*0/4/4/5+5+5,1.4123855954169324,0.8345034299342627,1.1675911746337533,0.7797837920703757,715.380041427731,31338560.176531278,0.3995555555555555,1.539823008849557,13.873793738187445,3118800002838.5283,1.4588984268416774,1.06,84.47611379805514,3118800002838.5283,1.3065658641687887,1.06,0.6740628254564031,0.15031343367374017,0.5732036638188092,0.06793925890392491,90.36305174603899,3118800002838.5283,1.375042376404678,1.06,1.2592736968056526,1.06,0.37138271604938267,1.06,69.86003665465726,4849871607.626352,1.2876680977358033,1.06,1.246574499233778,1.06,1.06,1.06,98.87175942647579,3118800002838.5283,1.369436256847225,1.06,1.254863496073895,1.06,0.37138271604938267,1.06,96.20563425199389,3118800002838.5283,1.369330685833545,1.06,1.2539299388542637,1.06,0.37138271604938267,1.06
